_Characteristics,City_of_Ottawa_,Orléans_East-Cumberland_-_Ward_1,Orléans_West-Innes_-_Ward_2,Barrhaven_West_-_Ward_3,Kanata_North_-_Ward_4,West_Carleton-March_-_Ward_5,Stittsville_-_Ward_6,Bay_-_Ward_7,College_-_Ward_8,Knoxdale-Merivale_-Ward_9,Gloucester-Southgate_-_Ward_10,Beacon_Hill-Cyrville_-_Ward_11,Rideau-Vanier_-_Ward_12,Rideau-Rockcliffe_-_Ward_13,Somerset_-_Ward_14,Kitchissippi_-_Ward_15,River_-Ward_16,Capital_-_Ward_17,Alta_Vista_-_Ward_18,Orléans_South-Navan_-_Ward_19,Osgoode_-_Ward_20,Rideau-Jock_-_Ward_21,Riverside_South-Findlay_Creek_-_Ward_22,Kanata_South_-_Ward_23,Barrhaven_East_-_Ward_24,OBJECTID
Global Non-Response,2.40%,1.30%,1.10%,1.80%,1.60%,1.70%,1.10%,2.40%,2.10%,2.00%,1.90%,1.70%,6.30%,2.70%,5.10%,2.80%,2.40%,3.60%,2.80%,1.20%,1.20%,1.30%,1.00%,1.10%,1.30%,0
Total - Age groups of the population - 100% data,1017450,49425,46470,50130,42140,24755,45565,49615,51955,40360,48860,34640,45910,38565,40805,37765,46675,37790,45060,49835,30185,27280,33120,49800,50745,1
  0 to 14 years,166925,8115,7435,11070,7940,4105,9755,7070,6955,6460,8635,5685,4450,5560,2750,5245,7170,4305,7305,10390,5215,4845,7625,9330,9505,2
    0 to 4 years,48790,2190,2095,3040,1680,1115,2920,2235,2115,1975,2605,1645,1610,1725,1125,1625,2335,1205,2390,2975,1460,1310,2375,2680,2335,3
    5 to 9 years,57415,2765,2515,3995,2750,1380,3365,2420,2375,2245,3000,1930,1510,1915,840,1865,2375,1495,2525,3650,1815,1605,2505,3365,3195,4
    10 to 14 years,60720,3155,2815,4035,3500,1605,3475,2410,2465,2235,3035,2105,1330,1915,780,1755,2465,1595,2390,3770,1940,1935,2745,3285,3970,5
  15 to 64 years,678375,32240,28345,33120,27130,16240,29950,31180,34310,25205,33225,22280,33340,24300,32475,25970,30825,26285,29295,34215,19840,16890,22780,33000,35930,6
    15 to 19 years,60385,3175,2600,3425,3260,1655,2985,2425,2495,2145,3140,2055,2250,2100,1120,1660,2560,1945,2445,3590,1850,1635,2465,3065,4345,7
    20 to 24 years,70785,2785,2360,2655,2295,1275,2365,3115,4590,3025,3965,2335,5485,2335,4210,2060,3950,4485,3150,3005,1575,1300,1975,2670,3840,8
    25 to 29 years,72835,2440,2330,2825,1900,985,2590,3775,4450,3030,3795,2400,5205,2480,6765,3355,3685,4065,3420,3170,1230,995,2050,2745,3150,9
    30 to 34 years,70195,2700,2675,3465,1990,1145,3365,3640,3600,2600,3475,2205,4150,2510,5365,3210,3215,2610,3200,3360,1530,1355,2540,3410,2885,10
    35 to 39 years,69520,3080,2860,3970,2495,1365,3700,3110,3260,2610,3155,2180,3210,2460,3675,3030,3150,2220,3160,3845,1775,1575,2700,3720,3210,11
    40 to 44 years,65890,3200,2840,3940,3050,1490,3320,2770,2755,2135,2825,2230,2700,2245,2545,2745,2720,2045,2790,3995,1925,1805,2610,3635,3570,12
    45 to 49 years,66245,3375,2780,3800,3445,1765,3350,2760,2755,2190,2765,2100,2380,2285,2260,2465,2775,2160,2580,3855,2130,1895,2700,3400,4270,13
    50 to 54 years,67260,3460,2855,3275,3315,2090,3045,2850,3145,2370,3155,2230,2465,2510,2115,2460,2835,2275,2695,3440,2425,2020,2465,3480,4285,14
    55 to 59 years,71465,4050,3400,3130,3040,2355,2905,3390,3745,2555,3615,2375,2810,2755,2340,2590,3080,2360,3000,3405,2940,2260,1930,3635,3790,15
    60 to 64 years,63795,3970,3665,2625,2340,2125,2330,3335,3520,2540,3330,2175,2675,2625,2080,2390,2860,2115,2845,2560,2470,2055,1345,3235,2585,16
  65 years and over,172155,9070,10695,5935,7075,4410,5855,11370,10690,8695,7000,6675,8120,8700,5580,6550,8680,7205,8455,5225,5125,5545,2715,7470,5310,17
    65 to 69 years,52355,3150,3330,2175,1820,1590,1850,2940,2805,2250,2445,1925,2360,2315,1750,2170,2515,1900,2390,1990,1735,1770,945,2495,1750,18
    70 to 74 years,45380,2575,2995,1675,1730,1325,1515,2830,2415,2165,1840,1715,2105,2110,1480,1900,2235,2030,1950,1470,1460,1615,775,2085,1375,19
    75 to 79 years,30940,1565,2000,955,1370,750,1065,2110,1710,1645,1120,1340,1490,1580,1030,1120,1530,1370,1405,920,965,1105,520,1295,980,20
    80 to 84 years,21080,960,1195,610,1070,420,720,1625,1480,1240,750,880,1045,1220,685,765,1130,925,1080,470,525,585,315,830,575,21
    85 years and over,22400,815,1180,520,1080,325,705,1870,2280,1395,845,815,1120,1475,635,610,1270,980,1630,370,445,470,160,765,625,22
      85 to 89 years,13385,510,695,375,700,205,435,1090,1180,920,515,520,670,855,425,385,750,570,870,230,290,285,110,435,350,23
      90 to 94 years,6775,235,330,115,290,90,205,580,845,385,255,235,330,470,155,170,400,320,500,100,105,145,40,240,240,24
      95 to 99 years,1960,65,130,30,80,20,50,165,230,80,65,55,100,135,50,55,110,85,225,35,40,35,10,85,40,25
      100 years and over,280,5,25,5,5,0,15,30,30,5,10,5,25,20,5,5,10,10,35,5,5,5,0,10,5,26
Total - Distribution (%) of the population by broad age groups - 100% data,100,100,100,100,100,100,100,100,100,100,100,100,100,100,100,100,100,100,100,100,100,100,100,100,100,27
0 to 14 years,16.4,16.4,16,22.1,18.8,16.6,21.4,14.2,13.4,16,17.7,16.4,9.7,14.4,6.7,13.9,15.4,11.4,16.2,20.8,17.3,17.8,23,18.7,18.7,28
15 to 64 years,66.7,65.2,61,66.1,64.4,65.6,65.7,62.8,66,62.5,68,64.3,72.6,63,79.6,68.8,66,69.6,65,68.7,65.7,61.9,68.8,66.3,70.8,29
65 years and over,16.9,18.4,23,11.8,16.8,17.8,12.8,22.9,20.6,21.5,14.3,19.3,17.7,22.6,13.7,17.3,18.6,19.1,18.8,10.5,17,20.3,8.2,15,10.5,30
85 years and over,2.2,1.6,2.5,1,2.6,1.3,1.5,3.8,4.4,3.5,1.7,2.4,2.4,3.8,1.6,1.6,2.7,2.6,3.6,0.7,1.5,1.7,0.5,1.5,1.2,31
Average age of the population,40.7,42.2,44,36.9,40.7,42.7,37.6,43.8,43,42.3,38.9,41.6,41.2,44,40.2,41.7,41.1,41.6,41.4,36.6,42.2,42.9,34.7,39.7,37.4,32
Median age of the population,40,43.6,45.2,37.2,42,46.4,37.6,42.8,41.2,40.8,37.2,41.2,37.2,44,35.2,40.4,39.2,38.4,39.6,36.8,44.8,45.2,34.8,40,37.6,33
Total - Occupied private dwellings by structural type of dwelling - 100% data,407250,18225,17655,16815,15035,9080,15890,22250,20895,15715,17965,13450,24785,17350,25155,18260,19600,17560,18805,16615,10750,10060,10800,17965,16590,34
  Single-detached house,169760,11085,9710,9380,6615,8750,10570,6220,9555,6615,5325,4110,1825,3745,980,5510,6575,4565,8200,9045,9735,9345,5780,8750,7780,35
  Semi-detached house,21675,735,1010,1015,430,75,690,1315,1060,1575,915,790,770,1310,510,1780,1155,1380,565,330,180,90,1195,1575,1235,36
  Row house,87045,4925,4895,5755,5645,130,3640,2350,5255,3465,7600,4905,1850,3835,1195,795,4760,1390,2030,5730,235,255,3290,6865,6240,37
  Apartment or flat in a duplex,7595,205,365,5,10,35,35,460,220,55,50,155,1335,600,690,1035,280,820,220,785,105,95,5,10,10,38
  Apartment in a building that has fewer than five storeys,43020,625,1380,415,720,65,635,1625,1675,1465,1375,1305,9290,3355,6305,3355,1425,3315,1230,715,135,225,515,640,1235,39
  Apartment in a building that has five or more storeys,76890,565,295,240,1615,5,185,10250,2890,2545,2625,2160,9650,4480,15365,5750,5395,6040,6550,5,70,0,10,115,85,40
  Other single-attached house,465,5,0,0,0,0,10,5,5,0,80,15,60,35,110,30,0,40,5,15,10,25,5,0,0,41
  Movable dwelling,795,70,0,0,0,25,125,20,235,0,0,0,0,0,0,0,0,10,0,5,285,15,0,0,0,42
Total - Private households by household size - 100% data,407255,18225,17655,16810,15030,9085,15885,22250,20895,15715,17965,13455,24780,17345,25160,18260,19600,17560,18805,16620,10745,10055,10795,17960,16590,43
  1 person,116365,3320,3530,2550,3050,1465,2560,8480,5850,4050,4465,3605,12525,6590,14830,7420,6375,6340,6070,2655,1615,1675,1575,3205,2565,44
  2 persons,135365,6760,6865,5020,4535,3505,5095,7355,7380,5495,5545,4515,8055,5745,7635,6260,6535,6415,6250,4990,4070,3890,2915,6035,4510,45
  3 persons,61740,3245,3040,3250,2720,1530,2965,2720,3395,2475,3000,2190,2260,2165,1505,2005,2885,2215,2705,3035,1880,1665,2080,3540,3270,46
  4 persons,59175,3165,2765,3690,3075,1690,3475,2315,2750,2215,2620,1840,1235,1785,840,1900,2240,1865,2345,3620,2060,1875,2620,3435,3765,47
  5 or more persons,34600,1735,1455,2305,1655,890,1790,1380,1520,1480,2330,1305,710,1060,350,670,1565,720,1430,2325,1120,960,1610,1750,2485,48
Average household size,2.5,2.7,2.6,3,2.8,2.7,2.9,2.2,2.4,2.5,2.7,2.5,1.8,2.2,1.6,2,2.3,2.1,2.4,3,2.8,2.7,3.1,2.7,3,49
Number of persons in private households,1000935,48780,45370,49750,41660,24665,45270,48455,50275,39820,48490,33915,44265,37580,39860,37085,45885,37095,44135,49085,29840,27150,33100,49150,50250,50
Total - Marital status - 15 years and over,850525,41310,39035,39060,34200,20650,35805,42545,45000,33900,40225,28955,41460,33005,38055,32525,39505,33490,37750,39445,24970,22430,25490,40470,41240,51
  Married or living common-law - 15 years and over,474225,25765,23935,25230,21400,14115,23880,21115,22915,18315,20215,14910,15410,15920,14930,17790,19620,16880,19580,24335,16815,15470,16345,25380,23970,52
    Married - 15 years and over,390560,21855,20350,22110,19345,11800,20815,17290,18510,15425,17200,12125,10035,12390,8290,13100,15870,12810,16020,20530,14205,13385,14205,21810,21085,53
    Living common-law - 15 years and over,83665,3910,3585,3120,2060,2320,3060,3825,4405,2885,3015,2785,5375,3525,6640,4690,3755,4060,3560,3800,2610,2085,2140,3570,2880,54
      Living common law - Never married - 15 years and over,63475,2630,2470,2260,1335,1520,2115,2895,3430,2165,2280,2055,4525,2755,5985,3920,2995,3340,2785,2730,1735,1300,1590,2555,2100,55
      Living common law - Separated - 15 years and over,3270,200,160,165,115,105,155,140,170,105,135,115,140,110,90,105,130,95,130,195,130,130,95,185,165,56
      Living common law - Divorced - 15 years and over,15380,970,870,660,535,625,720,710,745,550,550,555,630,595,525,605,565,570,570,800,670,600,425,755,575,57
      Living common law - Widowed - 15 years and over,1535,105,80,35,75,55,70,80,65,80,45,55,80,60,40,55,65,60,75,75,80,55,25,75,45,58
  Not married and not living common-law - 15 years and over,376305,15550,15105,13830,12805,6535,11925,21430,22085,15590,20015,14045,26050,17085,23130,14735,19890,16615,18170,15110,8155,6960,9145,15090,17275,59
    Not married and not living common law - Never married - 15 years and over,265260,10440,9880,9940,8745,4540,8345,13555,15015,10550,14215,9680,19450,11240,18290,10565,14040,12725,12410,11230,5600,4600,6850,10490,12865,60
    Not married and not living common law - Separated - 15 years and over,22895,1020,1005,910,825,430,840,1390,1175,895,1330,920,1355,1195,985,810,1215,755,1090,1055,530,455,635,995,1085,61
    Not married and not living common law - Divorced - 15 years and over,48880,2185,2210,1775,1560,795,1460,3485,2875,1980,2605,1920,3325,2555,2685,2100,2580,1810,2430,1705,1040,855,1045,2080,1820,62
    Not married and not living common law - Widowed - 15 years and over,39265,1905,2015,1195,1670,770,1285,3000,3025,2160,1860,1520,1920,2095,1165,1260,2055,1325,2245,1115,990,1050,610,1530,1505,63
Total - Census families in private households by family size - 100% data,275395,14845,13910,14245,12000,7655,13255,12705,13565,10830,12880,9205,9580,9940,8350,10000,12065,9305,11670,14005,9190,8405,9225,14585,13980,64
  2 persons,135105,7260,7195,5525,4945,3795,5460,7050,7365,5580,5760,4570,6525,5540,6290,5775,6275,5425,5950,5485,4445,4180,3165,6420,5120,65
  3 persons,57890,3250,2955,3260,2725,1540,2950,2510,2895,2230,2865,1940,1585,1945,1090,1815,2575,1690,2400,3110,1915,1655,2180,3500,3305,66
  4 persons,56630,3070,2670,3775,3125,1650,3460,2105,2410,1935,2445,1705,945,1630,700,1840,2045,1680,2185,3625,2040,1835,2635,3355,3760,67
  5 or more persons,25765,1265,1095,1690,1210,670,1385,1040,895,1085,1805,985,520,825,270,565,1165,510,1135,1785,785,735,1240,1310,1795,68
Average size of census families,2.9,2.9,2.9,3.2,3.1,2.9,3.1,2.8,2.8,2.9,3.1,3,2.6,2.8,2.4,2.7,2.9,2.7,2.9,3.2,2.9,2.9,3.3,3,3.2,69
Average number of children in census families with children - With children,1.8,1.8,1.8,1.9,1.8,1.8,1.9,1.8,1.7,1.9,2,1.9,1.7,1.8,1.6,1.7,1.9,1.7,1.9,1.9,1.8,1.8,2,1.8,1.9,70
Total number of census families in private households - 100% data,275395,14845,13915,14250,12005,7655,13255,12700,13560,10825,12875,9200,9575,9940,8350,10000,12070,9305,11675,14005,9185,8405,9230,14585,13980,71
  Total couple families,231060,12695,11690,12365,10450,7000,11760,10200,11015,8930,9765,7165,7325,7640,7225,8740,9475,8145,9375,11935,8295,7655,8015,12465,11725,72
    Married couples,189255,10740,9900,10805,9425,5845,10230,8290,8815,7495,8255,5775,4640,5885,3905,6395,7595,6115,7595,10035,6995,6615,6950,10675,10280,73
      With children,108720,5835,5075,7190,5970,3110,6535,4135,4625,3980,5170,3255,1890,2880,1415,3340,4125,3105,4260,6675,3870,3520,4980,6555,7235,74
      Without children,80535,4910,4825,3615,3455,2730,3695,4160,4190,3510,3090,2520,2750,3005,2490,3055,3475,3010,3330,3355,3125,3095,1970,4120,3050,75
    Common-law couples,41805,1950,1795,1555,1025,1155,1530,1910,2200,1440,1510,1390,2685,1760,3320,2345,1875,2030,1780,1900,1305,1040,1070,1785,1445,76
      With children,12885,830,735,650,395,480,565,515,630,460,545,475,425,530,315,460,515,395,490,835,520,390,430,725,575,77
      Without children,28920,1125,1060,905,630,680,965,1395,1570,980,960,915,2260,1230,3000,1885,1360,1635,1285,1070,785,650,640,1060,870,78
  Total one-parent families,44335,2150,2225,1885,1555,660,1495,2500,2550,1895,3115,2035,2255,2300,1125,1265,2595,1155,2300,2070,890,745,1210,2125,2255,79
    in which the parent is a woman+,35070,1590,1740,1480,1205,440,1125,2070,2005,1490,2570,1660,1865,1895,905,995,2150,915,1895,1625,610,495,930,1615,1800,80
    in which the parent is a man+,9270,565,475,405,350,220,370,435,545,405,545,375,390,405,215,265,445,240,405,445,280,245,280,505,455,81
Total - Persons in private households - 100% data,1000935,48785,45375,49750,41660,24665,45270,48455,50270,39820,48495,33915,44265,37580,39865,37085,45885,37095,44135,49085,29840,27145,33095,49145,50250,82
  Total - Persons in census families,809955,43350,39785,44930,36985,22370,40935,35855,37860,31750,40100,27250,24445,27930,20070,27295,34950,25285,34150,44350,26985,24560,30155,43735,44885,83
    Married spouses or common-law partners,462120,25390,23380,24735,20895,13995,23520,20400,22035,17865,19530,14330,14650,15285,14450,17475,18950,16295,18745,23870,16595,15315,16035,24925,23450,84
    Parents in one-parent families,44335,2150,2225,1885,1555,655,1495,2505,2550,1895,3115,2035,2255,2300,1125,1265,2595,1155,2300,2070,890,745,1210,2120,2255,85
    Children,303500,15810,14185,18315,14535,7715,15920,12950,13280,11990,17460,10880,7540,10345,4500,8555,13405,7830,13110,18410,9495,8495,12910,16690,19175,86
      In a two-parent family,231935,12405,10665,15200,12035,6710,13495,8790,9435,8845,12060,7455,4190,6500,2925,6715,8975,6210,9255,14965,8120,7350,10765,13430,15420,87
      In a one-parent family,71575,3405,3515,3110,2500,1005,2425,4155,3840,3145,5395,3425,3350,3840,1570,1840,4430,1620,3860,3445,1380,1155,2145,3260,3755,88
  Total - Persons not in census families in private households - 100% data,190980,5430,5585,4820,4675,2295,4335,12605,12415,8070,8390,6665,19815,9650,19795,9790,10940,11815,9980,4735,2855,2590,2940,5410,5365,89
    Persons living alone,116370,3325,3530,2545,3050,1465,2565,8475,5855,4050,4465,3600,12520,6590,14835,7420,6380,6345,6070,2650,1615,1670,1580,3205,2570,90
    Persons living with other relatives,25225,1100,1005,1165,775,410,835,1295,1565,1165,1605,1155,1455,1015,875,605,1340,1010,1420,1120,590,470,755,1065,1420,91
    Persons living with non-relatives only,49385,1010,1050,1105,850,420,940,2830,4995,2860,2325,1905,5840,2045,4085,1765,3225,4465,2495,960,650,445,610,1135,1380,92
Total - Household type - 100% data,407255,18225,17655,16810,15030,9085,15890,22255,20895,15715,17965,13450,24780,17350,25155,18260,19600,17560,18805,16620,10750,10055,10795,17960,16590,93
  One-census-family households without additional persons,245945,13200,12600,12430,10610,6855,11910,11550,11875,9535,11080,8040,8900,8995,7950,9525,10765,8805,10540,12195,8045,7580,8075,13035,11845,94
    Couple-family households,210295,11535,10820,10975,9345,6355,10705,9475,9900,8070,8625,6470,6940,7060,6955,8410,8620,7775,8620,10600,7400,7025,7125,11350,10130,95
      With children,110890,6045,5375,7005,5740,3290,6545,4290,4785,4030,5065,3375,2195,3140,1650,3655,4225,3360,4400,6735,3940,3610,4855,6680,6895,96
      Without children,99405,5490,5440,3960,3605,3065,4165,5180,5115,4045,3560,3090,4755,3920,5300,4755,4390,4415,4220,3865,3455,3420,2275,4675,3235,97
    One-parent-family households,35650,1665,1785,1465,1265,495,1205,2075,1975,1460,2445,1570,1955,1930,995,1120,2150,1030,1920,1595,650,555,945,1680,1715,98
  Multigenerational households,9915,575,420,720,585,285,505,340,465,390,620,350,160,260,90,140,360,115,315,675,420,285,465,575,790,99
  Multiple-census-family households,1870,100,85,95,80,80,105,75,115,85,105,50,35,65,30,30,65,30,80,115,85,60,75,95,130,100
  One-census-family households with additional persons,10995,595,520,560,340,215,385,515,770,570,665,545,385,445,210,220,605,270,530,560,315,265,315,530,670,101
  Two-or-more-person non-census-family households,22155,425,500,455,365,185,420,1295,1815,1080,1030,855,2780,1000,2045,920,1425,1990,1265,425,275,190,290,525,590,102
  One-person households,116370,3320,3530,2545,3050,1465,2565,8480,5850,4050,4465,3605,12525,6590,14830,7420,6375,6345,6070,2650,1615,1670,1580,3205,2565,103
Total - Knowledge of official languages for the total population excluding institutional residents - 100% data,1006965,49355,45855,50020,41895,24675,45365,49020,50895,40205,48590,34130,44645,38040,40330,37300,45955,37475,44285,49110,29910,27155,33110,49380,50265,104
  English only,610175,21585,20915,34815,28715,18130,32095,33850,36070,28210,31180,17265,20810,17350,23250,20905,29825,21345,25590,20290,18910,19610,20740,34690,34040,105
  French only,14280,1230,1190,195,175,45,130,490,245,235,785,1160,1760,1635,360,185,630,305,915,1650,175,25,210,250,295,106
  English and French,367030,26240,23455,13960,11950,6425,12505,13775,13945,10940,15350,15140,21600,18555,15905,15880,14560,15470,16740,26615,10670,7455,11475,13745,14670,107
  Neither English nor French,15480,295,300,1045,1055,80,635,900,635,810,1275,565,480,500,815,325,935,360,1035,550,160,65,695,690,1260,108
Total - First official language spoken for the total population excluding institutional residents - 100% data,1006965,49355,45855,50020,41895,24675,45365,49020,50895,40205,48590,34130,44645,38040,40330,37300,45955,37475,44285,49110,29910,27155,33110,49380,50265,109
  English,824560,32060,30960,44530,36970,22970,40965,43160,46045,36015,39805,23695,30325,25215,33885,33080,39095,32560,35185,30235,25510,25430,28420,44305,44140,110
  French,141560,15745,13400,3285,2630,1470,2975,4005,3345,2525,5595,8500,12390,10870,4825,3380,4670,3820,6610,16195,3920,1515,2920,3465,3500,111
  English and French,25845,1270,1215,1185,1270,155,810,975,890,870,1950,1400,1480,1465,825,520,1270,750,1490,2150,325,150,1090,940,1400,112
  Neither English nor French,15000,275,290,1020,1030,75,615,880,615,790,1240,540,455,490,790,320,920,340,1000,530,155,60,680,665,1225,113
Total - Mother tongue for the total population excluding institutional residents - 100% data,1006965,49355,45855,50020,41895,24675,45365,49020,50895,40205,48590,34130,44645,38040,40330,37300,45955,37475,44285,49110,29910,27155,33110,49380,50265,114
  Single responses,944105,46275,42995,46615,39105,24025,42960,46190,48290,37860,44510,31565,41385,35175,37815,35575,43140,35480,41065,44915,28810,26435,30390,46970,46545,115
    Official languages,711900,40080,36460,32550,24395,22050,33255,33490,36810,26680,27660,23110,32445,26955,29045,30240,29645,27835,29240,34440,25865,24600,19430,36270,29350,116
      English,585865,25390,24205,29590,22100,20590,30450,29965,33775,24505,23080,15700,21695,17640,24690,27135,25720,24470,23645,20040,22015,23100,16895,33110,26375,117
      French,126030,14685,12255,2960,2295,1460,2810,3525,3040,2175,4580,7410,10745,9315,4360,3110,3925,3365,5595,14400,3850,1505,2535,3165,2975,118
    Non-official languages,232205,6195,6535,14065,14705,1975,9705,12700,11480,11185,16850,8460,8945,8220,8770,5340,13495,7650,11825,10475,2950,1830,10965,10700,17195,119
      Indigenous languages,595,10,15,10,10,0,5,35,30,25,25,45,130,55,40,15,45,20,30,5,5,5,5,15,15,120
        Algonquian languages,205,5,0,5,10,0,0,10,15,10,10,25,30,15,15,5,10,5,10,5,0,0,0,10,10,121
          Blackfoot,5,0,0,0,0,0,0,0,0,0,0,0,0,0,0,0,0,0,0,0,0,0,0,0,0,122
          Cree-Innu languages,115,5,0,5,5,0,0,5,15,0,5,15,25,10,0,0,10,5,0,0,0,0,0,5,0,123
            Atikamekw,5,0,0,0,0,0,0,0,0,0,0,0,0,0,0,0,0,0,0,0,0,0,0,0,0,124
            Cree languages,105,5,0,0,5,0,0,5,15,0,5,15,25,10,0,0,5,5,0,0,0,0,0,5,0,125
              Ililimowin (Moose Cree),5,0,0,0,0,0,0,0,0,0,0,0,0,0,0,0,0,0,0,0,0,0,0,0,0,126
              Inu Ayimun (Southern East Cree),0,0,0,0,0,0,0,0,0,0,0,0,0,0,0,0,0,0,0,0,0,0,0,0,0,127
              Iyiyiw-Ayimiwin (Northern East Cree),25,0,0,0,0,0,0,0,10,0,0,0,0,0,0,0,5,0,0,0,0,0,0,0,0,128
              Nehinawewin (Swampy Cree),35,0,0,0,0,0,0,0,5,0,5,0,5,0,0,0,5,0,0,0,0,0,0,0,0,129
              Nehiyawewin (Plains Cree),5,0,0,0,0,0,0,0,0,0,0,0,0,0,0,0,0,0,0,0,0,0,0,0,0,130
              Nihithawiwin (Woods Cree),5,0,0,0,0,0,0,0,0,0,0,0,0,0,0,0,0,0,0,0,0,0,0,0,0,131
"              Cree, n.o.s.",30,0,0,0,5,0,0,0,0,0,0,0,15,0,0,0,0,5,0,0,0,0,0,0,0,132
            Innu (Montagnais),0,0,0,0,0,0,0,0,0,0,0,0,0,0,0,0,0,0,0,0,0,0,0,0,0,133
            Naskapi,0,0,0,0,0,0,0,0,0,0,0,0,0,0,0,0,0,0,0,0,0,0,0,0,0,134
          Eastern Algonquian languages,20,0,0,0,0,0,0,0,0,0,0,0,0,5,0,0,0,0,0,0,0,0,0,0,0,135
            Mi'kmaq,15,5,0,0,0,0,0,0,0,0,0,0,0,5,0,0,0,0,0,0,0,0,0,0,0,136
            Wolastoqewi (Malecite),5,0,0,0,0,0,0,0,0,0,0,0,0,0,0,0,0,0,0,0,0,0,0,0,0,137
          Ojibway-Potawatomi languages,75,0,0,0,0,0,0,5,5,5,0,10,10,5,5,5,0,0,0,0,0,5,0,0,10,138
            Anicinabemowin (Algonquin),10,0,0,0,0,0,0,0,0,0,0,0,5,0,0,0,0,0,0,0,0,0,0,0,0,139
            Oji-Cree,5,0,0,0,0,0,0,0,0,0,0,0,0,0,5,0,0,0,0,0,0,0,0,0,0,140
            Ojibway languages,55,0,0,0,0,0,0,5,5,5,0,5,5,5,5,5,0,0,0,0,0,5,0,0,10,141
              Anishinaabemowin (Chippewa),10,0,0,0,0,0,0,0,0,0,0,0,0,0,0,0,0,0,0,0,0,0,0,0,0,142
              Daawaamwin (Odawa),0,0,0,0,0,0,0,0,0,0,0,0,0,0,0,0,0,0,0,0,0,0,0,0,0,143
              Saulteau (Western Ojibway),5,0,0,0,0,0,0,0,0,0,0,0,0,0,0,0,0,0,0,0,0,0,0,0,0,144
"              Ojibway, n.o.s.",40,0,0,0,0,0,0,5,5,5,0,5,5,0,5,5,0,0,0,0,0,0,0,0,5,145
"          Algonquian languages, n.i.e.",0,0,0,0,0,0,0,0,0,0,0,0,0,0,0,0,0,0,0,0,0,0,0,0,0,146
        Athabaskan languages,5,0,0,0,0,0,0,0,0,0,0,0,0,0,0,0,0,0,0,0,0,0,0,0,0,147
          Northern Athabaskan languages,5,0,0,0,0,0,0,0,0,0,0,0,0,0,0,0,0,0,0,0,0,0,0,0,0,148
            Dakelh (Carrier),0,0,0,0,0,0,0,0,0,0,0,0,0,0,0,0,0,0,0,0,0,0,0,0,0,149
            Dane-zaa (Beaver),0,0,0,0,0,0,0,0,0,0,0,0,0,0,0,0,0,0,0,0,0,0,0,0,0,150
"            Dene, n.o.s.",5,0,0,0,0,0,0,0,0,0,0,0,0,0,0,0,0,0,0,0,0,0,0,0,0,151
            Gwich'in,0,0,0,0,0,0,0,0,0,0,0,0,0,0,0,0,0,0,0,0,0,0,0,0,0,152
            Slavey-Hare languages,0,0,0,0,0,0,0,0,0,0,0,0,0,0,0,0,0,0,0,0,0,0,0,0,0,153
              Deh Gah Ghotie Zhatie (South Slavey),0,0,0,0,0,0,0,0,0,0,0,0,0,0,0,0,0,0,0,0,0,0,0,0,0,154
              Satuotine Yati (North Slavey),0,0,0,0,0,0,0,0,0,0,0,0,0,0,0,0,0,0,0,0,0,0,0,0,0,155
"              Slavey, n.o.s.",0,0,0,0,0,0,0,0,0,0,0,0,0,0,0,0,0,0,0,0,0,0,0,0,0,156
            Tahltan languages,0,0,0,0,0,0,0,0,0,0,0,0,0,0,0,0,0,0,0,0,0,0,0,0,0,157
              Kaska (Nahani),0,0,0,0,0,0,0,0,0,0,0,0,0,0,0,0,0,0,0,0,0,0,0,0,0,158
              Tahltan,0,0,0,0,0,0,0,0,0,0,0,0,0,0,0,0,0,0,0,0,0,0,0,0,0,159
            Tlicho (Dogrib),0,0,0,0,0,0,0,0,0,0,0,0,0,0,0,0,0,0,0,0,0,0,0,0,0,160
            Tse'khene (Sekani),0,0,0,0,0,0,0,0,0,0,0,0,0,0,0,0,0,0,0,0,0,0,0,0,0,161
            Tsilhqot'in (Chilcotin),0,0,0,0,0,0,0,0,0,0,0,0,0,0,0,0,0,0,0,0,0,0,0,0,0,162
            Tsuu T'ina (Sarsi),0,0,0,0,0,0,0,0,0,0,0,0,0,0,0,0,0,0,0,0,0,0,0,0,0,163
            Tutchone languages,0,0,0,0,0,0,0,0,0,0,0,0,0,0,0,0,0,0,0,0,0,0,0,0,0,164
              Northern Tutchone,0,0,0,0,0,0,0,0,0,0,0,0,0,0,0,0,0,0,0,0,0,0,0,0,0,165
              Southern Tutchone,0,0,0,0,0,0,0,0,0,0,0,0,0,0,0,0,0,0,0,0,0,0,0,0,0,166
"              Tutchone, n.o.s.",0,0,0,0,0,0,0,0,0,0,0,0,0,0,0,0,0,0,0,0,0,0,0,0,0,167
            Wetsuwet'en-Babine,0,0,0,0,0,0,0,0,0,0,0,0,0,0,0,0,0,0,0,0,0,0,0,0,0,168
          Tlingit,0,0,0,0,0,0,0,0,0,0,0,0,0,0,0,0,0,0,0,0,0,0,0,0,0,169
"          Athabaskan languages, n.i.e.",0,0,0,0,0,0,0,0,0,0,0,0,0,0,0,0,0,0,0,0,0,0,0,0,0,170
        Haida,0,0,0,0,0,0,0,0,0,0,0,0,0,0,0,0,0,0,0,0,0,0,0,0,0,171
        Inuktut (Inuit) languages,365,5,10,5,5,0,0,25,15,20,15,20,90,35,25,5,35,15,20,0,5,0,0,5,10,172
          Inuinnaqtun (Inuvialuktun),0,0,0,0,0,0,0,0,0,0,0,0,0,0,0,0,0,0,0,0,0,0,0,0,0,173
            Inuinnaqtun,0,0,0,0,0,0,0,0,0,0,0,0,0,0,0,0,0,0,0,0,0,0,0,0,0,174
            Inuvialuktun,0,0,0,0,0,0,0,0,0,0,0,0,0,0,0,0,0,0,0,0,0,0,0,0,0,175
          Inuktitut,360,5,10,5,5,0,0,25,15,20,15,20,90,35,25,5,35,10,20,0,5,0,0,5,10,176
"          Inuktut (Inuit) languages, n.i.e.",5,0,0,0,0,0,0,0,0,0,0,0,0,0,0,0,0,0,0,0,0,0,0,0,0,177
        Iroquoian languages,15,0,0,0,0,0,0,0,0,0,0,0,5,0,0,0,5,0,0,0,0,0,0,0,0,178
          Cayuga,0,0,0,0,0,0,0,0,0,0,0,0,0,0,0,0,0,0,0,0,0,0,0,0,0,179
          Mohawk,15,0,0,0,0,0,0,0,0,0,0,0,5,0,0,0,5,0,0,0,0,0,0,0,0,180
          Oneida,0,0,0,0,0,0,0,0,0,0,0,0,0,0,0,0,0,0,0,0,0,0,0,0,0,181
"          Iroquoian languages, n.i.e.",0,0,0,0,0,0,0,0,0,0,0,0,0,0,0,0,0,0,0,0,0,0,0,0,0,182
        Ktunaxa (Kutenai),0,0,0,0,0,0,0,0,0,0,0,0,0,0,0,0,0,0,0,0,0,0,0,0,0,183
        Michif,0,0,0,0,0,0,0,0,0,0,0,0,0,0,0,0,0,0,0,0,0,0,0,0,0,184
        Salish languages,0,0,0,0,0,0,0,0,0,0,0,0,0,0,0,0,0,0,0,0,0,0,0,0,0,185
          Halkomelem,0,0,0,0,0,0,0,0,0,0,0,0,0,0,0,0,0,0,0,0,0,0,0,0,0,186
          Lillooet,0,0,0,0,0,0,0,0,0,0,0,0,0,0,0,0,0,0,0,0,0,0,0,0,0,187
          Ntlakapamux (Thompson),0,0,0,0,0,0,0,0,0,0,0,0,0,0,0,0,0,0,0,0,0,0,0,0,0,188
          Secwepemctsin (Shuswap),0,0,0,0,0,0,0,0,0,0,0,0,0,0,0,0,0,0,0,0,0,0,0,0,0,189
          Squamish,0,0,0,0,0,0,0,0,0,0,0,0,0,0,0,0,0,0,0,0,0,0,0,0,0,190
          Straits,0,0,0,0,0,0,0,0,0,0,0,0,0,0,0,0,0,0,0,0,0,0,0,0,0,191
          Syilx (Okanagan),0,0,0,0,0,0,0,0,0,0,0,0,0,0,0,0,0,0,0,0,0,0,0,0,0,192
"          Salish languages, n.i.e.",0,0,0,0,0,0,0,0,0,0,0,0,0,0,0,0,0,0,0,0,0,0,0,0,0,193
        Siouan languages,0,0,0,0,0,0,0,0,0,0,0,0,0,0,0,0,0,0,0,0,0,0,0,0,0,194
          Assiniboine,0,0,0,0,0,0,0,0,0,0,0,0,0,0,0,0,0,0,0,0,0,0,0,0,0,195
          Dakota,0,0,0,0,0,0,0,0,0,0,0,0,0,0,0,0,0,0,0,0,0,0,0,0,0,196
          Stoney,0,0,0,0,0,0,0,0,0,0,0,0,0,0,0,0,0,0,0,0,0,0,0,0,0,197
"          Siouan languages, n.i.e.",0,0,0,0,0,0,0,0,0,0,0,0,0,0,0,0,0,0,0,0,0,0,0,0,0,198
        Tsimshian languages,0,0,0,0,0,0,0,0,0,0,0,0,0,0,0,0,0,0,0,0,0,0,0,0,0,199
          Gitxsan (Gitksan),0,0,0,0,0,0,0,0,0,0,0,0,0,0,0,0,0,0,0,0,0,0,0,0,0,200
          Nisga'a,0,0,0,0,0,0,0,0,0,0,0,0,0,0,0,0,0,0,0,0,0,0,0,0,0,201
          Tsimshian,0,0,0,0,0,0,0,0,0,0,0,0,0,0,0,0,0,0,0,0,0,0,0,0,0,202
        Wakashan languages,0,0,0,0,0,0,0,0,0,0,0,0,0,0,0,0,0,0,0,0,0,0,0,0,0,203
          Haisla,0,0,0,0,0,0,0,0,0,0,0,0,0,0,0,0,0,0,0,0,0,0,0,0,0,204
          Heiltsuk,0,0,0,0,0,0,0,0,0,0,0,0,0,0,0,0,0,0,0,0,0,0,0,0,0,205
          Kwak'wala (Kwakiutl),0,0,0,0,0,0,0,0,0,0,0,0,0,0,0,0,0,0,0,0,0,0,0,0,0,206
          Nuu-chah-nulth (Nootka),0,0,0,0,0,0,0,0,0,0,0,0,0,0,0,0,0,0,0,0,0,0,0,0,0,207
"          Wakashan languages, n.i.e.",0,0,0,0,0,0,0,0,0,0,0,0,0,0,0,0,0,0,0,0,0,0,0,0,0,208
"        Indigenous languages, n.i.e.",0,0,0,0,0,0,0,0,0,0,0,0,0,0,0,0,0,0,0,0,0,0,0,0,0,209
"        Indigenous languages, n.o.s.",0,0,0,0,0,0,0,0,0,0,0,0,0,0,0,0,0,0,0,0,0,0,0,0,0,210
      Non-Indigenous languages,231615,6185,6520,14055,14695,1975,9705,12660,11445,11155,16825,8420,8810,8175,8725,5325,13450,7635,11800,10475,2945,1825,10960,10685,17180,211
        Afro-Asiatic languages,55580,1265,1605,2550,1855,100,1295,2815,1695,3225,8325,2445,1875,2260,1355,715,3765,1225,4350,3070,490,140,3760,1585,3835,212
          Berber languages,500,15,30,15,20,0,10,40,15,5,15,10,55,25,20,10,15,10,25,45,0,0,20,35,50,213
            Kabyle,355,10,10,10,15,0,10,20,10,5,10,10,55,25,15,5,10,10,25,25,0,0,15,30,30,214
            Tamazight,125,0,10,0,0,0,5,20,5,0,5,0,5,0,5,0,10,0,5,20,0,0,0,10,15,215
"            Berber languages, n.i.e.",20,0,15,5,0,0,0,0,0,0,0,0,0,0,0,0,0,0,0,0,0,0,0,0,0,216
          Chadic languages,80,0,5,0,0,0,0,10,0,0,5,5,5,10,0,0,5,5,10,5,0,0,5,0,10,217
            Hausa,50,0,0,0,0,0,0,5,0,0,10,0,5,0,0,0,5,0,10,0,0,0,5,0,5,218
            Mina,30,0,0,0,0,0,0,0,0,0,0,5,0,10,0,0,0,0,0,0,0,0,0,0,10,219
          Coptic,30,0,0,0,0,0,5,0,0,0,0,0,0,0,0,0,0,0,0,10,0,0,0,0,10,220
          Cushitic languages,7615,75,155,165,80,0,95,630,155,585,1325,360,345,420,205,150,670,85,1040,345,10,5,250,150,300,221
            Bilen,90,0,0,5,0,0,0,0,0,15,10,0,0,0,0,0,30,0,15,0,0,0,5,0,5,222
            Oromo,210,0,5,0,0,0,0,15,5,5,30,5,5,0,15,0,15,10,30,20,0,0,15,10,5,223
            Somali,7150,75,150,160,85,0,90,600,145,555,1270,340,320,385,185,145,600,75,975,320,10,0,230,140,290,224
"            Cushitic languages, n.i.e.",170,0,5,0,0,0,0,10,0,10,15,10,15,35,5,5,25,0,20,5,0,0,0,0,0,225
          Semitic languages,47360,1180,1415,2365,1745,100,1175,2135,1520,2630,6975,2075,1470,1805,1130,550,3070,1120,3275,2660,480,135,3485,1395,3465,226
            Amharic,1615,40,40,80,35,0,50,80,45,90,145,45,95,50,140,35,170,45,130,75,0,5,75,45,105,227
            Arabic,43645,1115,1335,2210,1650,90,1085,1940,1375,2375,6640,1985,1240,1685,875,450,2690,1010,2980,2515,465,115,3305,1270,3240,228
            Aramaic languages,115,0,10,10,5,0,0,10,5,5,0,0,0,5,0,0,15,0,5,15,0,0,0,5,10,229
              Assyrian Neo-Aramaic,65,0,10,0,0,0,0,5,5,5,0,0,0,5,0,0,10,0,0,0,0,0,0,5,5,230
              Chaldean Neo-Aramaic,15,0,0,5,0,0,0,5,0,0,0,0,0,0,0,0,0,0,0,0,0,0,0,0,0,231
"              Aramaic, n.o.s.",25,0,0,0,0,0,0,0,0,0,0,0,0,0,0,0,0,0,0,10,0,0,0,0,0,232
            Harari,40,5,5,0,0,0,0,0,0,0,0,0,0,5,5,0,0,0,0,10,0,0,0,0,0,233
            Hebrew,480,0,10,10,25,5,20,30,60,45,10,5,15,5,25,20,30,30,30,5,10,15,0,50,20,234
            Maltese,30,0,0,0,0,5,0,0,0,0,0,5,5,0,0,0,5,5,0,0,0,0,0,0,0,235
            Tigrigna,1390,10,20,50,30,0,10,70,35,105,175,30,110,50,75,40,155,30,130,40,0,0,100,20,90,236
"            Semitic languages, n.i.e.",45,0,0,0,0,0,0,0,0,10,0,0,0,0,10,0,0,0,0,0,0,0,0,0,0,237
        Austro-Asiatic languages,7685,115,135,475,570,60,520,495,600,350,360,170,145,150,535,225,555,85,220,260,40,25,215,505,870,238
          Khmer (Cambodian),1085,10,10,80,80,20,115,95,65,25,65,10,20,35,40,25,85,0,45,35,0,5,20,90,105,239
          Vietnamese,6595,105,125,395,485,35,410,400,535,325,295,155,130,120,495,200,470,85,170,225,35,20,190,415,770,240
"          Austro-Asiatic languages, n.i.e",5,0,0,0,0,0,0,0,0,0,0,0,0,0,0,0,0,0,0,0,0,0,0,0,0,241
        Austronesian languages,8645,270,245,410,290,35,225,740,515,450,750,520,240,485,170,130,545,190,560,335,40,50,225,400,825,242
          Bikol,30,0,0,0,0,0,0,0,0,0,10,0,0,0,0,0,5,0,0,0,0,0,0,0,0,243
"          Bisaya, n.o.s.",150,5,0,5,5,0,10,20,10,10,15,5,10,5,0,0,5,0,15,5,0,0,0,10,15,244
          Cebuano,340,10,5,25,15,0,15,40,20,25,20,20,5,10,5,5,20,10,10,15,5,5,10,10,25,245
          Fijian,0,0,0,0,0,0,0,0,0,0,0,0,0,0,0,0,0,0,0,0,0,0,0,0,0,246
          Hiligaynon,165,0,5,5,5,0,0,10,5,20,0,20,10,5,10,0,10,5,15,0,5,0,0,5,20,247
          Ilocano,725,15,20,30,15,0,0,55,40,25,65,40,10,55,20,10,45,25,60,15,5,5,15,30,110,248
          Indonesian,365,20,10,5,25,5,15,20,30,15,30,5,30,5,15,15,20,15,10,10,0,0,10,30,20,249
          Kankanaey,20,0,0,0,0,0,0,0,0,0,0,0,0,5,0,0,0,0,0,0,0,0,0,0,0,250
          Kinaray-a,20,0,0,0,0,0,0,0,5,0,0,0,0,0,0,0,0,0,0,0,0,0,0,0,5,251
          Malagasy languages,75,10,0,0,0,0,0,0,5,0,0,0,5,5,0,5,5,5,0,5,0,0,0,0,0,252
            Merina,20,0,0,0,0,0,0,0,0,0,0,0,0,0,0,5,0,5,0,0,0,0,0,0,0,253
"            Malagasy, n.o.s.",50,5,0,0,0,0,0,0,5,0,0,0,5,5,0,0,5,0,0,5,0,0,0,0,0,254
          Malay,55,0,0,0,0,0,0,5,0,10,0,5,5,5,0,0,5,5,5,0,0,0,0,0,0,255
"          Pampangan (Kapampangan, Pampango)",55,0,5,0,5,0,0,0,5,0,5,5,0,5,0,0,0,0,10,0,0,0,0,0,5,256
          Pangasinan,25,0,0,0,0,0,0,0,0,0,0,5,0,5,0,0,0,0,5,0,0,0,0,0,0,257
"          Tagalog (Pilipino, Filipino)",6440,210,180,330,210,30,165,565,385,340,575,390,160,350,115,90,420,115,420,265,25,35,170,300,595,258
          Waray-Waray,40,0,0,0,0,0,10,0,0,0,0,5,0,0,0,0,5,0,0,0,0,0,5,0,0,259
"          Austronesian languages, n.i.e.",145,5,5,5,0,0,0,15,5,10,15,10,5,20,0,0,20,5,5,0,0,0,0,5,15,260
        Creole languages,4350,385,285,105,55,10,40,145,80,105,280,455,385,485,80,25,215,40,295,535,20,0,65,105,160,261
          Haitian Creole,3240,310,235,85,45,0,30,110,50,80,205,330,280,350,45,15,145,20,210,450,10,0,45,85,100,262
          Jamaican English Creole,25,5,0,5,0,0,0,5,5,0,0,0,5,0,5,0,0,0,0,0,0,0,0,0,0,263
          Krio,30,0,0,0,0,0,0,0,0,0,5,0,0,0,0,0,0,0,0,0,0,0,0,0,10,264
          Morisyen,220,30,25,10,5,0,5,0,5,0,20,5,5,5,15,5,10,0,10,20,0,0,5,10,25,265
          Sango,20,0,0,0,0,0,0,0,0,0,0,0,0,0,0,0,0,0,10,0,0,0,0,0,0,266
"          Creole, n.o.s.",750,45,20,0,5,5,5,25,15,15,45,115,85,125,10,5,45,15,60,60,5,0,10,10,20,267
"          Creole languages, n.i.e.",65,5,0,0,0,0,0,5,5,5,5,0,0,5,0,0,5,0,5,5,0,0,5,0,5,268
        Dravidian languages,5840,80,95,695,605,30,530,525,300,220,145,90,85,50,145,75,185,390,175,155,55,40,235,255,655,269
          Kannada,325,5,5,15,45,10,50,35,15,15,5,0,5,0,15,5,10,30,10,5,0,0,15,20,25,270
          Malayalam,1350,35,40,125,125,0,120,120,170,85,45,20,15,20,20,30,40,35,35,35,10,0,35,55,110,271
          Tamil,2920,30,45,460,325,15,235,200,60,105,75,60,45,25,90,25,105,105,65,95,40,35,125,135,425,272
          Telugu,1200,15,5,95,115,5,110,170,55,15,15,10,20,10,10,10,30,225,65,15,10,0,55,40,95,273
          Tulu,30,0,0,0,0,0,10,5,0,0,0,0,0,0,0,0,0,0,0,0,0,0,0,0,0,274
"          Dravidian languages, n.i.e.",15,0,0,5,0,0,0,0,0,0,5,0,0,0,0,0,0,0,0,0,0,0,0,0,0,275
        Georgian,40,0,5,0,0,0,0,0,5,0,0,0,5,0,0,5,10,0,10,0,0,0,0,0,0,276
        Hmong-Mien languages,5,0,0,0,0,0,0,0,0,0,0,0,0,0,0,0,0,0,0,0,0,0,0,0,0,277
        Indo-European languages,97715,3055,2920,5390,5405,1315,5020,5865,5580,5005,4670,3070,3715,3070,3945,2950,5355,3705,4295,4425,1860,1255,4100,5200,6530,278
          Albanian,765,10,25,35,40,5,30,45,20,40,55,10,30,10,40,5,95,15,35,25,15,5,65,50,60,279
          Armenian,450,15,15,20,35,10,10,25,30,20,20,15,30,10,35,20,25,10,25,25,10,5,40,15,15,280
          Balto-Slavic languages,20590,530,615,950,1335,450,1175,1240,1185,970,910,480,795,665,990,820,1250,765,830,445,415,310,755,1715,1015,281
            Baltic languages,400,10,15,10,25,20,15,30,20,20,20,15,20,10,25,20,20,25,15,5,15,10,10,15,10,282
              Latvian,215,0,10,5,10,15,5,20,5,10,10,0,15,10,15,15,10,15,15,5,15,5,0,10,5,283
              Lithuanian,190,10,10,10,10,10,15,10,15,5,5,15,10,5,10,5,10,10,0,0,5,0,5,10,5,284
            Slavic languages,20190,515,595,940,1310,425,1155,1210,1165,950,890,465,775,655,960,800,1235,745,815,440,400,305,750,1695,1005,285
              Belarusian,50,0,0,0,5,0,0,10,0,0,5,0,0,0,0,0,0,0,5,0,0,0,0,5,0,286
              Bulgarian,870,30,55,35,50,20,30,55,35,35,40,25,20,30,65,40,65,30,45,40,5,0,35,45,40,287
              Czech,775,25,40,35,30,25,25,60,35,50,30,30,30,25,40,55,50,40,30,15,15,15,20,55,25,288
              Macedonian,100,0,5,0,5,0,5,5,0,0,5,0,10,0,5,15,5,5,5,0,0,0,5,10,10,289
              Polish,5105,210,175,200,210,125,175,275,320,200,310,150,185,210,235,205,245,180,250,170,180,105,205,340,250,290
              Russian,7295,110,190,375,720,145,650,435,450,350,190,145,260,230,325,215,330,220,175,105,95,75,225,915,355,291
              Rusyn,0,0,0,0,0,0,0,0,0,0,0,0,0,0,0,0,0,0,0,0,0,0,0,0,0,292
              Serbo-Croatian,3520,65,45,205,135,50,125,185,195,195,215,45,155,80,185,165,390,165,170,55,40,25,215,170,225,293
                Bosnian,700,10,10,30,35,15,40,45,65,40,35,5,25,15,40,30,75,20,30,5,5,5,25,65,20,294
                Croatian,980,15,15,55,30,20,35,25,45,60,85,15,35,15,45,25,130,40,70,10,25,15,70,35,75,295
                Serbian,1755,45,15,115,70,20,45,105,75,100,85,20,90,40,95,105,175,105,70,40,15,5,115,70,120,296
"                Serbo-Croatian, n.i.e.",80,0,0,0,0,0,5,10,5,0,5,0,5,5,10,10,10,0,0,0,0,0,5,0,5,297
              Slovak,530,10,10,30,35,20,20,35,20,15,30,15,15,15,20,15,30,20,30,10,20,15,10,50,35,298
              Slovene (Slovenian),180,5,10,5,10,5,10,15,15,5,15,10,10,5,10,10,5,5,10,0,5,15,0,5,5,299
              Ukrainian,1755,65,75,45,115,40,110,120,95,95,60,50,90,55,80,80,110,70,105,40,35,45,30,100,45,300
"              Slavic languages, n.i.e.",10,0,0,0,0,0,0,0,0,0,0,0,0,0,0,0,0,0,0,0,0,0,0,0,0,301
          Celtic languages,80,0,0,5,5,0,0,5,5,5,0,0,5,0,10,10,5,5,0,5,0,10,0,0,0,302
            Irish,20,0,0,0,0,0,0,0,0,0,0,0,0,0,5,0,0,0,5,0,0,0,0,0,0,303
            Scottish Gaelic,15,0,0,0,0,0,0,0,0,0,0,0,0,0,5,0,0,0,0,0,0,5,0,0,0,304
            Welsh,40,0,0,5,0,0,0,5,0,5,0,0,0,0,5,0,0,5,0,5,0,5,0,0,0,305
"            Celtic languages, n.i.e.",10,0,0,0,0,0,0,0,0,0,0,0,0,0,0,0,0,0,0,0,0,0,0,0,0,306
          Germanic languages,7545,310,305,235,295,300,300,530,445,370,210,220,330,330,305,435,325,450,305,170,390,345,115,305,220,307
            Frisian,30,0,0,0,0,0,0,0,0,0,0,5,0,5,0,0,0,0,0,0,0,0,5,0,0,308
            High German languages,4615,210,200,150,185,185,165,340,280,230,140,135,205,215,170,280,215,300,190,90,180,180,60,185,140,309
              German,4305,205,190,125,175,175,170,315,255,195,135,135,195,200,155,255,190,275,170,80,165,175,55,170,135,310
              Pennsylvania German,0,0,0,0,0,0,0,0,0,0,0,0,0,0,0,0,0,0,0,0,0,0,0,0,0,311
              Swiss German,180,5,5,20,5,10,0,10,15,5,5,0,5,10,10,15,10,10,5,0,15,5,5,10,0,312
              Yiddish,130,0,0,5,5,0,0,20,10,25,0,0,5,0,5,10,15,5,10,0,0,0,0,5,0,313
            Low Saxon-Low Franconian languages,2215,80,75,65,85,90,110,130,140,125,50,65,85,75,90,105,80,85,100,70,185,145,35,95,55,314
              Afrikaans,210,10,0,10,20,15,25,10,15,5,5,0,10,10,5,0,0,10,0,10,15,15,0,20,10,315
              Dutch,1910,65,70,50,55,70,90,110,130,120,45,50,70,65,80,95,80,80,90,60,165,125,30,70,45,316
"              Low German, n.o.s.",0,0,0,0,0,0,0,0,0,0,0,0,0,0,0,0,0,0,0,0,0,0,0,0,0,317
              Low Saxon,5,0,0,0,0,0,0,0,0,0,0,0,0,0,0,0,0,0,0,0,0,0,0,0,0,318
              Plautdietsch,25,0,0,0,5,0,0,0,0,0,0,0,0,0,0,5,5,0,0,0,0,0,0,0,0,319
              Vlaams (Flemish),65,5,5,0,5,5,0,5,0,0,0,5,0,5,5,0,0,5,5,0,0,0,0,0,0,320
            Scandinavian languages,660,15,25,20,25,30,20,60,20,15,15,20,35,35,50,45,30,65,20,15,20,20,10,25,25,321
              Danish,270,10,10,10,10,15,10,15,5,10,10,10,20,15,20,15,10,25,10,0,15,10,5,5,5,322
              Icelandic,20,0,0,0,5,0,0,0,0,0,0,0,0,0,0,0,0,5,0,0,0,0,0,0,0,323
              Norwegian,125,0,5,5,5,0,5,35,5,5,0,0,0,0,5,5,10,15,5,5,0,5,5,0,10,324
              Swedish,245,5,10,5,10,10,5,10,10,5,5,5,15,25,15,20,10,25,10,5,10,5,5,15,5,325
"            Germanic languages, n.i.e.",25,0,0,0,0,0,5,5,0,0,0,0,5,5,0,0,0,0,5,0,0,0,0,0,0,326
          Greek,1965,65,65,145,40,20,50,105,100,145,165,30,50,30,95,55,165,65,80,55,40,45,85,85,200,327
          Indo-Iranian languages,35855,1080,830,2570,2490,210,2255,2510,1900,1560,1575,1190,950,790,980,575,1525,1215,1565,2575,315,180,1965,1665,3380,328
            Indo-Aryan languages,25015,695,530,2150,1720,160,1810,1680,1560,1100,940,700,580,415,620,325,870,800,975,1685,230,120,1420,1260,2670,329
              Assamese,10,0,0,0,0,0,0,0,0,0,0,0,0,0,0,0,0,0,0,0,0,0,0,0,0,330
              Bengali,3990,165,95,270,165,10,270,245,90,155,160,265,160,180,165,90,110,160,145,345,10,0,185,140,405,331
              Gujarati,2810,40,45,220,135,0,265,390,380,190,70,55,25,15,45,40,135,125,75,80,15,5,125,120,210,332
              Hindi,4220,70,75,345,430,35,265,350,355,225,150,70,130,50,170,60,135,160,125,160,30,30,190,305,310,333
              Kacchi,145,5,5,20,0,0,5,5,10,5,10,10,0,0,5,5,5,5,5,5,0,0,20,10,15,334
              Kashmiri,30,5,0,0,10,0,0,0,0,0,0,0,0,0,0,0,0,0,0,0,0,0,5,5,0,335
              Konkani,125,10,0,10,0,0,5,10,0,15,5,5,5,0,5,5,0,0,5,0,0,0,10,5,15,336
              Marathi,475,5,5,45,40,5,45,35,40,25,25,5,10,10,10,10,25,35,10,5,5,0,10,40,45,337
              Nepali,1005,10,10,55,5,0,25,45,20,45,100,15,30,40,5,5,40,40,225,55,0,0,95,20,120,338
              Oriya languages,80,0,0,10,5,0,15,5,5,5,0,0,0,0,0,0,0,0,0,0,0,0,0,15,10,339
                Odia,55,0,0,5,0,0,5,5,5,0,0,0,0,0,0,0,0,0,0,0,0,0,0,10,10,340
"                Oriya, n.o.s.",25,0,0,5,0,0,5,0,0,0,0,0,0,0,0,0,0,0,0,0,0,0,0,5,0,341
              Punjabi (Panjabi),5610,130,100,525,340,70,355,265,450,260,185,95,85,40,80,65,210,145,175,385,110,60,440,265,760,342
              Rohingya,0,0,0,0,0,0,0,0,0,0,0,0,0,0,0,0,0,0,0,0,0,0,0,0,0,343
              Sindhi,100,0,0,15,10,0,15,10,0,5,0,0,0,0,10,0,0,0,0,0,0,0,5,10,10,344
              Sinhala (Sinhalese),920,45,10,100,45,0,40,30,35,20,35,15,20,20,25,15,40,10,35,90,15,0,65,30,185,345
              Urdu,5385,205,160,535,515,35,500,275,155,150,205,165,100,60,90,40,160,110,165,555,40,25,270,295,580,346
"              Indo-Aryan languages, n.i.e.",100,0,5,5,20,0,5,5,5,0,0,0,0,0,0,0,0,5,0,10,0,0,10,5,15,347
            Iranian languages,10830,395,300,420,770,55,440,830,340,460,630,485,370,375,360,250,655,415,590,890,85,60,545,405,705,348
              Baluchi,10,0,0,0,0,0,0,0,5,0,0,0,0,0,0,0,0,0,0,0,0,0,0,0,0,349
              Kurdish,785,20,20,55,45,0,20,40,25,45,65,45,10,30,10,15,25,20,85,95,10,0,45,15,45,350
              Parsi,20,0,0,0,0,0,0,0,0,0,0,0,0,0,0,0,0,0,5,0,0,0,0,5,0,351
              Pashto,1285,70,35,45,35,10,65,165,25,50,85,95,25,85,0,5,55,5,60,190,10,0,65,15,100,352
              Persian languages,8690,300,245,315,690,40,340,620,290,370,480,340,330,260,345,230,570,385,440,605,60,60,435,365,555,353
                Dari,2325,80,85,135,45,0,50,185,45,90,180,135,60,65,30,20,115,55,100,290,15,10,150,80,315,354
                Iranian Persian,5735,200,150,160,610,40,280,400,225,265,270,165,245,160,270,185,430,310,285,265,45,45,260,275,210,355
"                Persian (Farsi), n.o.s.",630,20,15,15,35,5,15,40,20,20,35,35,25,30,45,25,30,25,50,50,5,5,20,15,35,356
"              Iranian languages, n.i.e.",40,0,0,0,0,0,15,0,0,0,0,10,0,0,0,0,0,0,0,0,0,0,0,0,0,357
"            Indo-Iranian languages, n.i.e.",15,0,0,0,0,0,0,0,0,0,0,0,5,0,0,0,0,0,0,0,0,0,0,0,0,358
          Italic (Romance) languages,30450,1040,1075,1435,1165,320,1195,1405,1900,1895,1745,1135,1530,1230,1490,1035,1960,1185,1450,1125,675,350,1080,1375,1650,359
            Catalan,35,0,0,0,0,0,0,5,0,0,0,0,5,0,5,10,0,0,0,0,0,0,0,0,0,360
            Italian,7960,165,180,325,160,100,245,360,855,995,500,95,140,110,290,375,765,375,320,105,305,195,275,220,510,361
            Portuguese,5650,245,240,325,220,30,315,245,210,175,255,305,370,320,260,140,195,160,335,300,120,40,200,300,340,362
            Romanian,2630,70,90,100,240,55,130,165,140,120,110,80,105,90,115,80,135,90,110,110,45,20,110,185,135,363
            Spanish,14140,560,560,680,540,140,505,625,695,600,875,650,915,705,810,420,865,565,680,605,210,100,490,670,665,364
"            Italic (Romance) languages, n.i.e.",35,0,5,0,0,0,0,5,0,0,0,0,0,0,5,0,0,0,5,0,0,0,0,0,0,365
"          Indo-European languages, n.i.e.",10,0,0,0,0,0,0,0,0,0,0,0,0,0,0,0,0,0,0,0,0,0,0,0,0,366
        Japanese,975,35,50,25,40,15,25,60,55,40,55,35,65,35,55,55,45,50,75,25,15,10,20,65,35,367
        Korean,2660,65,60,280,205,20,130,70,135,105,85,55,135,90,255,100,110,85,75,75,20,15,95,130,250,368
        Mongolian,50,0,0,5,0,0,0,5,0,0,0,10,5,0,15,0,0,0,0,0,0,0,0,0,5,369
        Niger-Congo languages,7715,285,295,285,125,10,150,315,220,220,615,600,870,645,205,125,590,200,725,500,40,20,185,195,315,370
          Akan (Twi),365,25,5,45,15,0,20,10,0,5,30,15,10,10,5,5,20,5,20,20,5,0,25,25,30,371
          Bamanankan,110,5,5,0,0,0,0,0,0,0,15,15,20,5,10,0,0,0,0,10,0,0,0,15,0,372
          Edo,65,5,5,5,0,0,5,0,0,5,5,5,0,5,0,0,0,0,15,0,0,0,0,0,0,373
          Éwé,95,5,5,5,0,0,0,0,0,0,10,0,10,5,0,0,10,5,5,0,0,0,5,5,0,374
"          Fulah (Pular, Pulaar, Fulfulde)",125,10,10,0,0,0,0,0,5,0,10,5,25,10,0,0,0,5,15,15,0,0,0,5,0,375
          Ga,50,5,0,0,0,0,5,0,0,5,5,0,5,0,0,5,0,0,5,5,0,0,5,0,0,376
          Ganda,160,5,5,5,0,0,5,20,0,5,10,5,5,15,10,5,10,0,10,15,0,0,10,5,10,377
          Gikuyu,65,0,0,0,0,0,0,0,10,5,10,0,0,0,5,0,5,0,0,10,0,0,0,0,5,378
          Igbo,225,10,10,15,5,0,0,10,5,5,20,5,10,10,10,0,10,10,25,25,0,5,10,10,15,379
          Kinyarwanda (Rwanda),940,20,20,20,10,0,5,35,45,25,65,85,115,90,35,10,60,30,90,70,0,0,20,20,55,380
          Lingala,385,15,10,0,5,0,10,10,15,5,25,40,70,40,5,10,25,10,60,20,0,0,5,5,10,381
          Luba-Kasai,85,5,5,0,0,0,0,0,0,0,0,0,5,5,0,5,10,0,10,15,0,0,5,0,0,382
          Mòoré,35,0,0,0,0,0,0,0,0,0,0,5,5,0,0,0,0,0,5,5,0,0,0,0,0,383
          Mwani,40,5,0,0,0,0,0,0,0,0,5,0,0,0,0,0,0,0,5,5,0,0,5,0,5,384
          Ndebele,15,0,0,0,0,0,0,0,0,0,0,0,0,5,0,0,0,0,0,5,0,0,0,0,0,385
          Rundi (Kirundi),1885,65,75,30,35,0,20,90,40,60,145,165,240,230,50,35,180,50,190,115,0,0,15,15,45,386
          Shona,120,0,0,5,0,5,0,5,0,5,15,0,10,5,5,5,10,5,5,10,5,0,0,15,10,387
          Soninke,15,0,0,0,0,0,0,0,0,0,5,0,0,0,0,0,0,0,0,0,0,0,0,0,0,388
          Sotho-Tswana languages,25,0,0,0,0,0,0,0,0,0,0,0,0,0,0,0,5,5,0,0,0,0,5,0,0,389
          Swahili,1420,55,55,35,15,0,15,70,45,45,120,90,185,120,30,25,130,45,160,75,20,5,20,20,35,390
          Wojenaka,30,0,5,0,0,0,0,0,0,0,10,0,0,0,0,0,0,0,0,0,0,0,0,0,0,391
          Wolof,145,0,5,10,5,0,0,0,5,5,10,10,20,5,10,5,5,15,10,10,0,0,0,0,10,392
          Yoruba,640,15,20,60,15,0,25,20,20,20,35,75,65,45,5,5,40,15,45,20,0,0,20,30,35,393
"          Niger-Congo languages, n.i.e.",685,35,40,25,25,0,20,25,15,10,60,60,60,40,25,15,55,10,45,50,5,5,20,10,30,394
        Nilo-Saharan languages,355,5,15,10,5,0,5,25,25,10,15,20,25,30,15,15,65,10,25,15,0,0,0,0,15,395
          Dinka,100,0,0,0,0,0,0,5,10,0,0,0,5,15,0,0,30,10,10,0,0,0,0,0,0,396
          Nuer,70,0,0,0,0,0,0,5,5,0,0,0,10,5,0,5,20,0,5,0,0,0,0,0,5,397
"          Nilo-Saharan languages, n.i.e.",170,5,15,5,0,0,5,10,5,10,10,10,15,15,15,10,10,0,10,10,0,0,0,0,10,398
"          African, n.o.s.",15,0,0,0,0,0,0,0,0,0,0,5,0,0,0,0,5,0,0,0,0,0,0,0,0,399
        Sign languages,240,10,5,15,5,0,10,10,20,15,15,5,5,10,5,10,20,10,10,10,10,10,5,5,5,400
          American Sign Language,170,10,10,10,5,0,10,10,15,10,10,5,0,10,5,5,10,10,5,5,5,15,5,0,5,401
          Quebec Sign Language,20,0,0,0,0,0,0,0,0,0,0,0,5,0,0,0,0,0,0,0,0,0,0,0,0,402
"          Sign languages, n.i.e.",50,0,0,0,0,0,0,0,10,5,5,5,0,0,0,0,5,0,5,0,0,0,0,0,0,403
        Sino-Tibetan languages,34275,480,650,3575,4890,300,1400,1140,1930,1195,1355,770,1010,685,1675,735,1715,1445,795,895,280,205,1940,1795,3415,404
          Chinese languages,33415,470,610,3555,4885,300,1400,1030,1900,1175,1300,750,970,615,1505,720,1605,1440,765,875,280,205,1905,1785,3360,405
            Hakka,125,5,0,15,10,5,0,10,5,10,10,5,5,0,5,5,10,0,0,0,0,0,0,10,15,406
            Mandarin,22310,215,310,2750,4020,225,1005,545,1210,680,685,390,685,420,760,410,855,1040,475,485,205,155,1440,1145,2205,407
            Min Dong,30,0,0,0,0,0,0,5,0,5,0,0,0,0,5,0,0,0,0,0,0,0,0,0,0,408
"            Min Nan (Chaochow, Teochow, Fukien, Taiwanese)",595,15,20,45,65,10,35,25,50,30,20,20,15,25,30,15,40,15,10,15,5,10,15,40,45,409
            Wu (Shanghainese),300,5,5,20,45,0,15,15,35,10,10,15,5,0,15,5,20,10,0,5,0,0,5,20,35,410
            Yue (Cantonese),9675,230,265,705,720,65,345,420,580,430,570,310,220,155,640,280,660,345,265,350,65,45,430,560,1025,411
"            Chinese, n.o.s.",355,5,10,20,30,0,5,20,15,10,15,10,35,5,55,5,20,20,5,20,0,0,5,15,25,412
"            Chinese languages, n.i.e.",30,0,0,0,5,0,5,5,0,0,0,0,0,0,0,0,0,0,0,0,0,0,0,0,10,413
          Tibeto-Burman languages,800,5,30,15,0,0,0,100,30,20,45,15,40,70,160,15,110,5,30,15,0,0,30,10,40,414
            Burmese,175,5,15,10,0,0,0,15,10,5,10,0,10,5,40,5,15,0,10,0,0,0,10,0,10,415
            Kuki-Chin languages,205,0,0,0,0,0,0,15,5,0,25,0,5,0,95,0,15,0,5,0,0,0,10,10,0,416
            Karenic languages,300,0,10,0,0,0,0,70,15,15,5,10,15,15,20,0,75,0,5,0,0,0,5,0,30,417
              S'gaw Karen,285,0,10,0,0,0,0,70,10,15,5,10,15,15,15,0,75,0,0,0,0,0,5,0,30,418
"              Karenic languages, n.i.e.",15,0,0,0,0,0,0,0,0,0,0,0,0,0,0,0,0,0,5,0,0,0,0,0,0,419
            Tibetan,60,0,5,0,0,0,0,0,0,0,0,5,10,15,0,0,0,0,0,10,0,0,0,0,0,420
"            Tibeto-Burman languages, n.i.e.",65,0,0,0,0,0,0,0,0,0,0,0,0,25,10,0,0,0,5,0,0,0,5,0,0,421
"          Sino-Tibetan languages, n.i.e.",55,0,0,5,0,0,0,0,0,0,0,0,0,0,5,0,0,0,0,0,0,0,0,0,15,422
        Tai-Kadai languages,735,15,15,45,45,5,40,40,45,25,25,15,35,25,45,15,55,5,20,20,10,15,20,95,70,423
          Lao,330,0,5,25,20,0,20,10,15,5,5,5,15,10,15,0,20,5,0,10,0,0,10,75,45,424
          Thai,390,15,10,20,15,0,20,25,30,15,20,10,25,15,30,15,30,0,20,10,5,15,10,20,20,425
"          Tai-Kadai languages, n.i.e.",10,0,0,0,5,0,0,0,0,0,0,0,0,0,0,0,0,0,0,0,0,0,0,0,0,426
        Turkic languages,2980,70,75,120,530,15,255,250,115,85,85,95,140,90,140,60,110,85,75,130,5,10,55,250,125,427
          Azerbaijani,155,10,5,5,25,0,5,5,0,5,10,0,10,5,10,5,15,15,10,10,0,0,5,0,5,428
          Kazakh,25,0,0,0,0,0,0,0,0,0,0,0,0,0,5,0,0,0,0,0,0,0,0,0,0,429
          Turkish,2595,45,65,95,495,10,230,230,100,80,75,80,130,80,120,50,75,75,60,90,0,5,45,235,120,430
          Uyghur,50,0,0,0,0,0,0,0,0,0,5,0,0,0,0,0,0,0,5,25,0,0,0,0,0,431
          Uzbek,60,0,0,15,5,0,5,0,0,0,0,5,0,5,5,0,5,0,0,5,0,0,0,5,0,432
"          Turkic languages, n.i.e.",85,5,0,5,5,0,0,10,15,0,5,10,5,0,0,0,0,0,0,5,0,0,0,10,0,433
        Uralic languages,1735,50,50,65,80,65,60,165,125,95,45,60,65,55,80,80,115,90,85,30,60,35,40,90,65,434
          Estonian,130,5,0,5,0,0,0,15,10,5,0,10,5,5,10,10,5,15,5,0,0,5,5,5,0,435
          Finnish,260,10,15,5,20,10,10,20,20,5,5,10,10,5,15,10,15,10,15,5,10,10,10,20,5,436
          Hungarian,1345,30,40,55,55,45,45,130,95,85,35,40,55,45,60,55,90,70,65,20,45,20,30,65,60,437
"        Other languages, n.i.e.",45,0,0,0,0,0,0,0,0,0,5,0,5,5,5,0,5,5,10,0,0,0,0,0,5,438
  Multiple responses,62865,3085,2860,3405,2795,650,2405,2830,2605,2345,4080,2555,3260,2860,2515,1725,2820,1995,3215,4195,1105,720,2715,2410,3715,439
    English and French,22595,1770,1575,805,645,390,775,800,875,640,965,930,1400,1135,975,765,860,765,1105,1905,665,450,760,800,860,440
    English and non-official language(s),27985,705,715,2015,1660,200,1340,1550,1305,1315,2210,940,1010,910,1065,660,1455,840,1365,1270,345,190,1455,1230,2230,441
    French and non-official language(s),5620,335,365,165,150,10,80,195,145,165,405,355,525,510,195,115,245,190,355,550,30,15,180,120,230,442
"    English, French and non-official language(s)",3930,180,120,235,205,30,110,125,135,120,355,230,195,195,125,100,140,105,255,345,45,35,200,120,230,443
    Multiple non-official languages,2735,95,75,185,135,20,105,160,135,105,150,105,125,120,160,80,125,100,140,130,25,25,120,145,170,444
Total - All languages spoken at home for the total population excluding institutional residents - 100% data,1006965,49355,45855,50020,41895,24675,45365,49020,50895,40205,48590,34130,44645,38040,40330,37300,45955,37475,44285,49110,29910,27155,33110,49380,50265,445
  English,618285,27075,25785,30795,23395,21410,31550,31400,35910,26115,24765,17055,23350,18855,26465,28205,27145,25670,24925,21000,23310,24205,17645,34615,27635,446
  French,57370,8095,6675,815,730,320,815,1130,710,565,1840,3825,6070,5330,1575,865,1490,1405,2500,8065,1525,260,890,910,965,447
  Non-official language,59420,1170,1450,3880,4260,305,2455,3400,2995,3040,4740,2280,2045,2175,2195,1080,3565,1705,3545,2185,520,285,2805,2655,4685,448
    Indigenous,85,0,0,0,0,0,0,5,5,0,5,10,20,15,10,0,10,0,5,0,0,0,0,0,0,449
    Non-Indigenous,59340,1170,1450,3880,4260,305,2455,3395,2995,3040,4735,2270,2020,2160,2185,1080,3555,1700,3545,2185,525,285,2805,2655,4680,450
  English and French,78665,7310,6180,2470,1760,1160,2415,2650,2560,1820,2965,3650,5465,4455,3380,2945,2825,2800,3715,7505,2310,1165,2185,2475,2490,451
  English and non-official language(s),149585,3660,3630,10205,10055,1270,7025,8640,7335,7160,11110,4825,4795,4460,5150,3320,8665,4625,7035,6445,1810,1030,7830,7340,12160,452
  French and non-official language(s),8165,505,525,155,175,10,100,320,200,175,535,625,940,815,205,120,465,200,565,990,35,10,135,135,235,453
"  English, French and non-official language(s)",30930,1460,1495,1470,1270,180,795,1180,975,1080,2385,1670,1795,1740,1075,685,1555,895,1770,2735,360,175,1475,990,1730,454
  Multiple non-official languages,4540,90,120,225,255,25,215,300,200,245,255,195,190,215,285,70,245,170,230,190,35,25,145,255,360,455
Total - Language spoken most often at home for the total population excluding institutional residents - 100% data,1006965,49355,45855,50020,41895,24675,45365,49020,50895,40205,48590,34130,44645,38040,40330,37300,45955,37475,44285,49110,29910,27155,33110,49380,50265,456
  Single responses,942175,46170,43025,46375,38810,24195,42865,45890,48425,37695,43980,31440,41470,35045,38245,36005,42905,35720,40785,44300,29000,26780,30110,46895,46025,457
    Official languages,817525,43415,39890,38175,29800,23505,37355,38620,42395,31515,34505,26640,37230,30635,34160,33880,35540,32050,34050,39025,27915,26215,24130,40990,35885,458
      English,734735,32410,30760,36800,28625,23010,36105,36790,41110,30550,31650,21225,28990,23305,31695,32430,33180,29970,30380,27665,25785,25760,22720,39535,34280,459
      French,82795,11010,9125,1370,1175,495,1250,1830,1285,965,2855,5415,8240,7335,2465,1455,2355,2085,3670,11360,2130,455,1410,1455,1605,460
    Non-official languages,124650,2755,3135,8200,9010,690,5505,7275,6035,6185,9480,4795,4240,4410,4090,2125,7370,3670,6730,5275,1085,560,5975,5910,10145,461
      Indigenous languages,175,0,5,0,0,0,0,15,10,10,5,25,35,25,20,0,15,0,10,0,0,0,0,0,5,462
        Algonquian languages,40,0,0,0,0,0,0,0,5,0,0,5,5,10,5,0,5,0,0,0,0,0,0,0,0,463
          Blackfoot,0,0,0,0,0,0,0,0,0,0,0,0,0,0,0,0,0,0,0,0,0,0,0,0,0,464
          Cree-Innu languages,25,0,0,0,0,0,0,0,0,0,0,5,5,0,0,0,0,0,0,0,0,0,0,0,0,465
            Atikamekw,0,0,0,0,0,0,0,0,0,0,0,0,0,0,0,0,0,0,0,0,0,0,0,0,0,466
            Cree languages,20,0,0,0,0,0,0,0,0,0,0,5,5,0,0,0,0,0,0,0,0,0,0,0,0,467
              Ililimowin (Moose Cree),0,0,0,0,0,0,0,0,0,0,0,0,0,0,0,0,0,0,0,0,0,0,0,0,0,468
              Inu Ayimun (Southern East Cree),0,0,0,0,0,0,0,0,0,0,0,0,0,0,0,0,0,0,0,0,0,0,0,0,0,469
              Iyiyiw-Ayimiwin (Northern East Cree),10,0,0,0,0,0,0,0,5,0,0,5,0,0,0,0,0,0,0,0,0,0,0,0,0,470
              Nehinawewin (Swampy Cree),5,0,0,0,0,0,0,0,0,0,0,0,0,0,0,0,0,0,0,0,0,0,0,0,0,471
              Nehiyawewin (Plains Cree),0,0,0,0,0,0,0,0,0,0,0,0,0,0,0,0,0,0,0,0,0,0,0,0,0,472
              Nihithawiwin (Woods Cree),0,0,0,0,0,0,0,0,0,0,0,0,0,0,0,0,0,0,0,0,0,0,0,0,0,473
"              Cree, n.o.s.",10,0,0,0,0,0,0,0,0,0,0,0,5,0,0,0,0,0,0,0,0,0,0,0,0,474
            Innu (Montagnais),0,0,0,0,0,0,0,0,0,0,0,0,0,0,0,0,0,0,0,0,0,0,0,0,0,475
            Naskapi,0,0,0,0,0,0,0,0,0,0,0,0,0,0,0,0,0,0,0,0,0,0,0,0,0,476
          Eastern Algonquian languages,0,0,0,0,0,0,0,0,0,0,0,0,0,0,0,0,0,0,0,0,0,0,0,0,0,477
            Mi'kmaq,0,0,0,0,0,0,0,0,0,0,0,0,0,0,0,0,0,0,0,0,0,0,0,0,0,478
            Wolastoqewi (Malecite),0,0,0,0,0,0,0,0,0,0,0,0,0,0,0,0,0,0,0,0,0,0,0,0,0,479
          Ojibway-Potawatomi languages,15,0,0,0,0,0,0,0,0,0,0,0,0,5,5,0,0,0,0,0,0,0,0,0,0,480
            Anicinabemowin (Algonquin),5,0,0,0,0,0,0,0,0,0,0,0,0,0,0,0,0,0,0,0,0,0,0,0,0,481
            Oji-Cree,0,0,0,0,0,0,0,0,0,0,0,0,0,0,0,0,0,0,0,0,0,0,0,0,0,482
            Ojibway languages,10,0,0,0,0,0,0,0,0,0,0,0,0,0,5,0,0,0,0,0,0,0,0,0,0,483
              Anishinaabemowin (Chippewa),0,0,0,0,0,0,0,0,0,0,0,0,0,0,0,0,0,0,0,0,0,0,0,0,0,484
              Daawaamwin (Odawa),0,0,0,0,0,0,0,0,0,0,0,0,0,0,0,0,0,0,0,0,0,0,0,0,0,485
              Saulteau (Western Ojibway),0,0,0,0,0,0,0,0,0,0,0,0,0,0,0,0,0,0,0,0,0,0,0,0,0,486
"              Ojibway, n.o.s.",10,0,0,0,0,0,0,0,0,0,0,0,0,0,5,0,0,0,0,0,0,0,0,0,0,487
"          Algonquian languages, n.i.e.",0,0,0,0,0,0,0,0,0,0,0,0,0,0,0,0,0,0,0,0,0,0,0,0,0,488
        Athabaskan languages,5,0,0,0,0,0,0,0,0,0,0,0,0,0,0,0,0,0,0,0,0,0,0,0,0,489
          Northern Athabaskan languages,5,0,0,0,0,0,0,0,0,0,0,0,0,0,0,0,0,0,0,0,0,0,0,0,0,490
            Dakelh (Carrier),0,0,0,0,0,0,0,0,0,0,0,0,0,0,0,0,0,0,0,0,0,0,0,0,0,491
            Dane-zaa (Beaver),0,0,0,0,0,0,0,0,0,0,0,0,0,0,0,0,0,0,0,0,0,0,0,0,0,492
"            Dene, n.o.s.",0,0,0,0,0,0,0,0,0,0,0,0,0,0,0,0,0,0,0,0,0,0,0,0,0,493
            Gwich'in,0,0,0,0,0,0,0,0,0,0,0,0,0,0,0,0,0,0,0,0,0,0,0,0,0,494
            Slavey-Hare languages,0,0,0,0,0,0,0,0,0,0,0,0,0,0,0,0,0,0,0,0,0,0,0,0,0,495
              Deh Gah Ghotie Zhatie (South Slavey),0,0,0,0,0,0,0,0,0,0,0,0,0,0,0,0,0,0,0,0,0,0,0,0,0,496
              Satuotine Yati (North Slavey),0,0,0,0,0,0,0,0,0,0,0,0,0,0,0,0,0,0,0,0,0,0,0,0,0,497
"              Slavey, n.o.s.",0,0,0,0,0,0,0,0,0,0,0,0,0,0,0,0,0,0,0,0,0,0,0,0,0,498
            Tahltan languages,0,0,0,0,0,0,0,0,0,0,0,0,0,0,0,0,0,0,0,0,0,0,0,0,0,499
              Kaska (Nahani),0,0,0,0,0,0,0,0,0,0,0,0,0,0,0,0,0,0,0,0,0,0,0,0,0,500
              Tahltan,0,0,0,0,0,0,0,0,0,0,0,0,0,0,0,0,0,0,0,0,0,0,0,0,0,501
            Tlicho (Dogrib),0,0,0,0,0,0,0,0,0,0,0,0,0,0,0,0,0,0,0,0,0,0,0,0,0,502
            Tse'khene (Sekani),0,0,0,0,0,0,0,0,0,0,0,0,0,0,0,0,0,0,0,0,0,0,0,0,0,503
            Tsilhqot'in (Chilcotin),0,0,0,0,0,0,0,0,0,0,0,0,0,0,0,0,0,0,0,0,0,0,0,0,0,504
            Tsuu T'ina (Sarsi),0,0,0,0,0,0,0,0,0,0,0,0,0,0,0,0,0,0,0,0,0,0,0,0,0,505
            Tutchone languages,0,0,0,0,0,0,0,0,0,0,0,0,0,0,0,0,0,0,0,0,0,0,0,0,0,506
              Northern Tutchone,0,0,0,0,0,0,0,0,0,0,0,0,0,0,0,0,0,0,0,0,0,0,0,0,0,507
              Southern Tutchone,0,0,0,0,0,0,0,0,0,0,0,0,0,0,0,0,0,0,0,0,0,0,0,0,0,508
"              Tutchone, n.o.s.",0,0,0,0,0,0,0,0,0,0,0,0,0,0,0,0,0,0,0,0,0,0,0,0,0,509
            Wetsuwet'en-Babine,5,0,0,0,0,0,0,0,0,0,0,0,0,0,0,0,0,0,0,0,0,0,0,0,0,510
          Tlingit,0,0,0,0,0,0,0,0,0,0,0,0,0,0,0,0,0,0,0,0,0,0,0,0,0,511
"          Athabaskan languages, n.i.e.",0,0,0,0,0,0,0,0,0,0,0,0,0,0,0,0,0,0,0,0,0,0,0,0,0,512
        Haida,0,0,0,0,0,0,0,0,0,0,0,0,0,0,0,0,0,0,0,0,0,0,0,0,0,513
        Inuktut (Inuit) languages,120,0,0,0,0,0,0,10,5,10,5,20,30,10,15,0,10,0,5,0,0,0,0,0,0,514
          Inuinnaqtun (Inuvialuktun),0,0,0,0,0,0,0,0,0,0,0,0,0,0,0,0,0,0,0,0,0,0,0,0,0,515
            Inuinnaqtun,0,0,0,0,0,0,0,0,0,0,0,0,0,0,0,0,0,0,0,0,0,0,0,0,0,516
            Inuvialuktun,0,0,0,0,0,0,0,0,0,0,0,0,0,0,0,0,0,0,0,0,0,0,0,0,0,517
          Inuktitut,115,0,0,0,0,0,0,10,5,10,5,20,30,10,15,0,10,0,5,0,0,0,0,0,0,518
"          Inuktut (Inuit) languages, n.i.e.",0,0,0,0,0,0,0,0,0,0,0,0,0,0,0,0,0,0,0,0,0,0,0,0,0,519
        Iroquoian languages,5,0,0,0,0,0,0,0,0,0,0,0,0,0,0,0,0,0,0,0,0,0,0,0,0,520
          Cayuga,5,0,0,0,0,0,0,0,0,0,0,0,0,0,0,0,0,0,0,0,0,0,0,0,0,521
          Mohawk,5,0,0,0,0,0,0,0,0,0,0,0,0,0,0,0,0,0,0,0,0,0,0,0,0,522
          Oneida,0,0,0,0,0,0,0,0,0,0,0,0,0,0,0,0,0,0,0,0,0,0,0,0,0,523
"          Iroquoian languages, n.i.e.",0,0,0,0,0,0,0,0,0,0,0,0,0,0,0,0,0,0,0,0,0,0,0,0,0,524
        Ktunaxa (Kutenai),0,0,0,0,0,0,0,0,0,0,0,0,0,0,0,0,0,0,0,0,0,0,0,0,0,525
        Michif,0,0,0,0,0,0,0,0,0,0,0,0,0,0,0,0,0,0,0,0,0,0,0,0,0,526
        Salish languages,0,0,0,0,0,0,0,0,0,0,0,0,0,0,0,0,0,0,0,0,0,0,0,0,0,527
          Halkomelem,0,0,0,0,0,0,0,0,0,0,0,0,0,0,0,0,0,0,0,0,0,0,0,0,0,528
          Lillooet,0,0,0,0,0,0,0,0,0,0,0,0,0,0,0,0,0,0,0,0,0,0,0,0,0,529
          Ntlakapamux (Thompson),0,0,0,0,0,0,0,0,0,0,0,0,0,0,0,0,0,0,0,0,0,0,0,0,0,530
          Secwepemctsin (Shuswap),0,0,0,0,0,0,0,0,0,0,0,0,0,0,0,0,0,0,0,0,0,0,0,0,0,531
          Squamish,0,0,0,0,0,0,0,0,0,0,0,0,0,0,0,0,0,0,0,0,0,0,0,0,0,532
          Straits,0,0,0,0,0,0,0,0,0,0,0,0,0,0,0,0,0,0,0,0,0,0,0,0,0,533
          Syilx (Okanagan),0,0,0,0,0,0,0,0,0,0,0,0,0,0,0,0,0,0,0,0,0,0,0,0,0,534
"          Salish languages, n.i.e.",0,0,0,0,0,0,0,0,0,0,0,0,0,0,0,0,0,0,0,0,0,0,0,0,0,535
        Siouan languages,0,0,0,0,0,0,0,0,0,0,0,0,0,0,0,0,0,0,0,0,0,0,0,0,0,536
          Assiniboine,0,0,0,0,0,0,0,0,0,0,0,0,0,0,0,0,0,0,0,0,0,0,0,0,0,537
          Dakota,0,0,0,0,0,0,0,0,0,0,0,0,0,0,0,0,0,0,0,0,0,0,0,0,0,538
          Stoney,0,0,0,0,0,0,0,0,0,0,0,0,0,0,0,0,0,0,0,0,0,0,0,0,0,539
"          Siouan languages, n.i.e.",0,0,0,0,0,0,0,0,0,0,0,0,0,0,0,0,0,0,0,0,0,0,0,0,0,540
        Tsimshian languages,0,0,0,0,0,0,0,0,0,0,0,0,0,0,0,0,0,0,0,0,0,0,0,0,0,541
          Gitxsan (Gitksan),0,0,0,0,0,0,0,0,0,0,0,0,0,0,0,0,0,0,0,0,0,0,0,0,0,542
          Nisga'a,0,0,0,0,0,0,0,0,0,0,0,0,0,0,0,0,0,0,0,0,0,0,0,0,0,543
          Tsimshian,0,0,0,0,0,0,0,0,0,0,0,0,0,0,0,0,0,0,0,0,0,0,0,0,0,544
        Wakashan languages,0,0,0,0,0,0,0,0,0,0,0,0,0,0,0,0,0,0,0,0,0,0,0,0,0,545
          Haisla,0,0,0,0,0,0,0,0,0,0,0,0,0,0,0,0,0,0,0,0,0,0,0,0,0,546
          Heiltsuk,0,0,0,0,0,0,0,0,0,0,0,0,0,0,0,0,0,0,0,0,0,0,0,0,0,547
          Kwak'wala (Kwakiutl),0,0,0,0,0,0,0,0,0,0,0,0,0,0,0,0,0,0,0,0,0,0,0,0,0,548
          Nuu-chah-nulth (Nootka),0,0,0,0,0,0,0,0,0,0,0,0,0,0,0,0,0,0,0,0,0,0,0,0,0,549
"          Wakashan languages, n.i.e.",0,0,0,0,0,0,0,0,0,0,0,0,0,0,0,0,0,0,0,0,0,0,0,0,0,550
"        Indigenous languages, n.i.e.",0,0,0,0,0,0,0,0,0,0,0,0,0,0,0,0,0,0,0,0,0,0,0,0,0,551
"        Indigenous languages, n.o.s.",0,0,0,0,0,0,0,0,0,0,0,0,0,0,0,0,0,0,0,0,0,0,0,0,0,552
      Non-Indigenous languages,124480,2755,3130,8200,9010,690,5505,7260,6025,6175,9475,4775,4205,4385,4075,2125,7355,3670,6720,5275,1080,560,5980,5905,10140,553
        Afro-Asiatic languages,32290,660,895,1420,1040,45,690,1725,945,2065,5130,1645,980,1390,650,350,2260,645,2760,1615,220,40,1955,855,2310,554
          Berber languages,215,5,15,0,0,0,0,20,15,0,10,0,25,10,5,0,5,0,15,15,0,0,5,20,25,555
            Kabyle,145,5,0,0,0,0,0,10,0,0,10,0,20,10,5,0,5,0,10,5,0,0,5,15,15,556
            Tamazight,60,0,10,0,0,0,0,15,15,0,0,0,0,0,0,0,0,0,0,10,0,0,0,0,5,557
"            Berber languages, n.i.e.",10,0,5,0,0,0,0,0,0,0,0,0,0,0,0,0,0,0,0,0,0,0,0,0,0,558
          Chadic languages,25,0,0,0,0,0,0,0,0,0,0,0,0,0,0,0,0,5,5,0,0,0,0,0,0,559
            Hausa,20,0,0,0,0,0,0,0,0,0,0,0,0,0,0,0,0,0,5,0,0,0,0,0,0,560
            Mina,10,0,0,0,0,0,0,0,0,0,0,0,0,0,0,0,0,0,0,0,0,0,0,0,0,561
          Coptic,5,0,0,0,0,0,0,0,0,0,0,0,0,0,0,0,0,0,0,0,0,0,0,0,0,562
          Cushitic languages,4260,25,80,60,35,0,30,340,80,370,800,220,190,265,85,85,400,45,720,150,0,0,100,55,140,563
            Bilen,60,0,0,0,0,0,0,0,0,5,5,0,0,0,0,0,20,0,15,0,0,0,0,0,0,564
            Oromo,105,0,0,0,0,0,0,5,5,0,15,0,5,0,5,0,10,10,15,10,0,0,10,10,0,565
            Somali,3980,25,80,55,35,0,30,325,75,350,775,200,170,245,80,80,345,40,675,135,0,0,85,45,140,566
"            Cushitic languages, n.i.e.",120,0,0,0,0,0,0,10,0,15,10,10,10,20,0,0,20,0,20,0,0,0,0,0,0,567
          Semitic languages,27780,635,800,1355,1005,45,655,1355,855,1690,4320,1425,765,1120,555,260,1860,595,2020,1450,215,40,1845,780,2135,568
            Amharic,865,15,20,35,20,0,35,65,20,50,75,30,50,30,65,15,95,20,80,35,0,0,35,15,60,569
            Arabic,25805,605,760,1295,950,40,600,1225,770,1550,4150,1375,645,1030,425,215,1670,535,1825,1385,215,30,1780,730,2005,570
            Aramaic languages,70,0,5,0,0,0,0,10,5,0,0,0,0,5,5,0,10,5,5,15,0,0,0,0,10,571
              Assyrian Neo-Aramaic,35,0,5,0,0,0,0,0,5,0,0,0,0,5,5,0,10,0,0,0,0,0,0,0,0,572
              Chaldean Neo-Aramaic,15,0,0,0,0,0,0,0,0,0,0,0,0,0,0,0,0,0,0,0,0,0,0,0,0,573
"              Aramaic, n.o.s.",25,0,0,0,0,0,0,0,0,0,0,0,0,0,0,0,0,5,0,10,0,0,0,0,0,574
            Harari,20,5,5,0,0,0,0,0,0,0,0,0,0,0,0,0,0,0,0,0,0,0,0,0,0,575
            Hebrew,185,0,0,5,20,0,10,10,35,10,0,0,5,5,5,10,5,10,15,0,0,10,0,20,10,576
            Maltese,5,0,0,0,0,0,0,0,0,0,0,0,0,0,0,0,0,0,0,0,0,0,0,0,0,577
            Tigrigna,805,10,15,15,15,0,5,55,25,75,90,15,65,40,50,30,80,30,95,15,0,0,25,10,50,578
"            Semitic languages, n.i.e.",20,0,0,0,0,0,0,0,0,0,0,0,0,0,10,0,0,0,0,0,0,0,0,0,0,579
        Austro-Asiatic languages,4620,70,75,265,300,15,260,365,370,240,240,90,65,90,345,135,345,30,140,150,25,15,115,305,580,580
          Khmer (Cambodian),510,5,5,35,35,5,45,55,25,10,35,5,10,15,15,10,45,0,20,20,0,0,5,55,50,581
          Vietnamese,4110,65,75,225,265,10,215,305,345,230,205,90,60,75,330,125,300,30,125,135,25,5,105,250,525,582
"          Austro-Asiatic languages, n.i.e",0,0,0,0,0,0,0,0,0,0,0,0,0,0,0,0,0,0,0,0,0,0,0,0,0,583
        Austronesian languages,4440,120,115,205,110,5,90,455,240,245,430,270,80,310,85,55,300,75,350,135,10,10,95,170,490,584
          Bikol,5,0,0,0,0,0,0,0,0,0,0,0,0,0,0,0,0,0,0,0,0,0,0,0,0,585
"          Bisaya, n.o.s.",60,0,0,0,0,0,0,10,5,0,5,10,5,0,0,0,5,0,5,0,0,0,0,0,5,586
          Cebuano,175,0,5,15,5,0,10,25,10,10,0,15,0,10,0,0,10,5,10,5,0,0,5,5,15,587
          Fijian,0,0,0,0,0,0,0,0,0,0,0,0,0,0,0,0,0,0,0,0,0,0,0,0,0,588
          Hiligaynon,70,0,0,0,0,0,0,5,5,0,0,10,0,5,0,0,10,0,10,0,0,0,0,0,10,589
          Ilocano,395,10,10,15,10,0,0,45,20,15,25,15,5,45,0,10,25,10,30,5,0,0,5,20,75,590
          Indonesian,115,5,0,0,10,0,5,5,10,5,15,0,10,0,0,5,5,10,5,5,0,0,0,10,15,591
          Kankanaey,20,0,0,0,0,0,0,0,0,0,0,0,0,5,0,0,0,0,0,0,0,0,0,0,0,592
          Kinaray-a,10,0,0,0,0,0,0,0,0,0,0,0,0,0,0,0,0,0,0,0,0,0,0,0,0,593
          Malagasy languages,40,0,0,0,0,0,0,0,0,0,0,5,5,0,5,0,0,0,0,0,0,0,0,0,0,594
            Merina,15,0,0,0,0,0,0,0,0,0,0,0,0,0,0,0,0,0,0,0,0,0,0,0,0,595
"            Malagasy, n.o.s.",20,0,0,0,0,0,0,0,0,0,0,0,0,0,5,0,0,0,0,0,0,0,0,0,0,596
          Malay,5,0,0,0,0,0,0,0,0,0,0,0,0,0,0,0,0,0,0,0,0,0,0,0,0,597
"          Pampangan (Kapampangan, Pampango)",40,0,0,0,0,0,0,0,0,0,0,5,0,5,5,0,0,0,10,0,0,0,0,0,5,598
          Pangasinan,10,0,0,0,0,0,0,0,0,0,0,0,0,0,0,0,0,0,0,0,0,0,0,0,0,599
"          Tagalog (Pilipino, Filipino)",3425,95,90,170,90,5,65,360,180,200,360,205,50,235,55,30,225,45,280,105,5,5,70,135,350,600
          Waray-Waray,20,0,0,0,0,0,10,0,0,0,0,0,0,0,0,0,0,0,0,0,0,0,0,0,10,601
"          Austronesian languages, n.i.e.",55,0,0,0,0,0,0,0,0,5,10,5,0,0,5,0,15,0,0,0,0,0,0,0,0,602
        Creole languages,2235,170,170,50,40,0,20,80,50,55,170,250,230,245,30,15,105,10,130,255,10,0,25,40,75,603
          Haitian Creole,1650,135,125,35,25,0,15,70,35,35,115,165,185,180,25,10,75,5,90,220,10,0,15,35,45,604
          Jamaican English Creole,5,0,0,0,0,0,0,0,0,0,0,0,0,0,0,0,0,0,0,0,0,0,0,0,0,605
          Krio,15,0,0,0,0,0,0,0,0,0,0,0,0,0,0,0,0,0,0,0,0,0,0,0,5,606
          Morisyen,140,10,20,10,5,0,5,0,10,0,20,0,5,0,5,5,5,0,0,10,0,0,5,5,10,607
          Sango,10,0,0,0,0,0,0,0,0,0,0,0,0,0,0,0,0,0,0,0,0,0,0,0,0,608
"          Creole, n.o.s.",395,15,20,5,10,0,0,5,5,15,30,90,45,65,5,5,20,5,35,30,5,0,5,0,10,609
"          Creole languages, n.i.e.",25,0,0,0,0,0,0,0,0,0,5,0,0,0,0,0,0,0,0,0,0,0,0,0,0,610
        Dravidian languages,3595,55,50,485,365,15,360,375,230,135,80,40,45,25,55,30,95,195,95,60,30,20,155,180,405,611
          Kannada,170,0,0,5,25,0,30,25,10,10,0,0,0,0,10,5,5,0,10,0,0,0,0,20,10,612
          Malayalam,805,20,30,60,65,0,80,85,150,55,20,10,10,10,5,15,30,10,15,20,0,0,25,35,55,613
          Tamil,1920,20,20,365,205,15,170,170,45,65,50,35,20,15,30,10,50,50,30,40,20,20,95,95,280,614
          Telugu,690,15,0,55,75,0,75,95,25,5,5,0,10,0,5,0,10,130,45,5,5,0,30,35,65,615
          Tulu,5,0,0,0,0,0,0,0,0,0,0,0,0,0,0,0,0,0,0,0,0,0,0,0,0,616
"          Dravidian languages, n.i.e.",5,0,0,0,0,0,0,0,0,0,0,0,0,0,0,0,0,0,0,0,0,0,0,0,0,617
        Georgian,10,0,0,0,0,0,0,0,0,0,0,0,0,0,0,0,0,0,5,0,0,0,0,0,0,618
        Hmong-Mien languages,0,0,0,0,0,0,0,0,0,0,0,0,0,0,0,0,0,0,0,0,0,0,0,0,0,619
        Indo-European languages,46210,1220,1205,2780,2935,405,2760,3080,2635,2355,2150,1535,1550,1460,1520,1005,2605,1530,2185,2190,545,330,2100,2710,3425,620
          Albanian,355,0,15,10,15,0,20,10,10,10,30,0,15,0,20,0,50,10,10,10,0,0,35,25,30,621
          Armenian,200,10,10,10,15,5,0,20,20,10,10,5,5,0,10,0,10,0,15,10,0,0,25,5,5,622
          Balto-Slavic languages,9300,175,265,470,760,175,625,645,530,480,420,195,295,275,325,285,580,230,345,165,145,110,350,975,470,623
            Baltic languages,85,10,5,5,5,5,0,0,0,5,0,0,5,0,10,5,0,0,5,0,0,0,0,0,0,624
              Latvian,45,0,5,0,0,5,0,0,0,0,0,0,5,0,5,0,0,0,0,0,0,0,0,0,0,625
              Lithuanian,40,10,0,0,5,0,0,0,0,5,0,0,0,0,10,0,0,0,0,0,0,0,0,0,0,626
            Slavic languages,9215,165,260,465,750,175,625,645,530,480,420,185,285,270,315,285,575,230,340,165,145,110,350,975,470,627
              Belarusian,30,0,0,0,5,0,0,10,0,0,0,0,0,0,0,0,0,0,0,0,0,5,0,0,0,628
              Bulgarian,370,10,25,10,20,5,15,25,10,20,25,10,0,5,35,10,40,10,25,10,0,0,10,20,20,629
              Czech,180,10,15,10,5,10,5,15,5,20,5,10,5,5,10,5,15,10,0,5,0,0,0,15,5,630
              Macedonian,35,0,0,0,0,0,0,0,0,0,5,0,5,0,0,0,0,0,0,0,0,0,0,5,0,631
              Polish,1765,60,60,50,80,40,55,115,105,70,130,50,45,80,55,55,85,40,90,65,70,25,95,145,100,632
              Russian,4365,50,130,270,495,70,445,305,240,205,115,75,130,125,120,105,175,95,105,45,40,45,130,635,215,633
              Rusyn,0,0,0,0,0,0,0,0,0,0,0,0,0,0,0,0,0,0,0,0,0,0,0,0,0,634
              Serbo-Croatian,1600,15,20,100,70,20,45,95,115,105,95,25,65,35,65,75,220,50,65,25,10,10,95,85,90,635
                Bosnian,310,0,5,10,15,10,15,30,40,30,10,0,10,5,10,5,35,5,5,0,5,0,10,20,10,636
                Croatian,325,5,5,20,15,5,10,5,15,20,35,5,10,5,15,10,55,5,30,0,0,0,25,20,20,637
                Serbian,955,15,10,70,40,10,20,65,55,60,50,15,45,15,35,65,125,35,30,20,5,5,60,50,60,638
"                Serbo-Croatian, n.i.e.",15,0,0,0,0,0,0,0,0,0,0,0,0,0,0,0,5,0,0,0,0,0,0,0,5,639
              Slovak,155,5,0,0,10,0,5,15,5,5,15,0,5,5,10,0,5,5,15,0,0,10,0,30,5,640
              Slovene (Slovenian),25,0,0,0,0,0,0,0,5,0,0,0,0,0,5,0,0,0,0,0,0,5,0,0,0,641
              Ukrainian,680,15,15,20,65,20,60,55,45,45,35,10,40,15,20,30,35,20,30,10,10,15,15,35,20,642
"              Slavic languages, n.i.e.",0,0,0,0,0,0,0,0,0,0,0,0,0,0,0,0,0,0,0,0,0,0,0,0,0,643
          Celtic languages,10,0,0,0,0,0,0,5,0,0,0,0,0,0,0,0,0,0,0,0,0,0,0,0,0,644
            Irish,5,0,0,0,0,0,0,0,0,0,0,0,0,0,0,0,0,0,0,0,0,0,0,0,0,645
            Scottish Gaelic,5,0,0,0,0,0,0,0,0,0,0,0,0,0,0,0,0,0,0,0,0,0,0,0,0,646
            Welsh,5,0,0,0,0,0,0,0,0,0,0,0,0,0,0,0,0,0,0,0,0,0,0,0,0,647
"            Celtic languages, n.i.e.",0,0,0,0,0,0,0,0,0,0,0,0,0,0,0,0,0,0,0,0,0,0,0,0,0,648
          Germanic languages,730,40,20,15,35,20,35,30,25,15,20,20,50,55,25,40,30,65,35,15,40,20,15,30,20,649
            Frisian,0,0,0,0,0,0,0,0,0,0,0,0,0,0,0,0,0,0,0,0,0,0,0,0,0,650
            High German languages,460,35,15,5,20,10,10,25,25,15,10,15,40,35,15,25,20,50,25,5,25,10,10,10,15,651
              German,430,35,10,5,15,5,10,25,20,15,10,15,40,35,15,25,10,50,25,5,20,10,5,5,15,652
              Pennsylvania German,0,0,0,0,0,0,0,0,0,0,0,0,0,0,0,0,0,0,0,0,0,0,0,0,0,653
              Swiss German,25,0,0,0,0,0,0,0,0,0,0,0,0,0,0,0,0,0,0,0,10,0,0,0,0,654
              Yiddish,10,0,0,0,0,0,0,0,0,0,0,0,0,0,0,0,10,0,0,0,0,0,0,0,0,655
            Low Saxon-Low Franconian languages,190,5,5,15,15,15,20,5,5,0,5,5,5,15,5,5,10,5,10,10,15,10,5,15,5,656
              Afrikaans,75,0,0,10,10,0,10,5,0,0,5,0,0,0,0,0,0,0,0,10,0,10,0,5,0,657
              Dutch,115,5,5,0,5,10,5,0,0,0,0,5,5,15,5,5,10,5,10,0,10,0,0,5,0,658
"              Low German, n.o.s.",0,0,0,0,0,0,0,0,0,0,0,0,0,0,0,0,0,0,0,0,0,0,0,0,0,659
              Low Saxon,0,0,0,0,0,0,0,0,0,0,0,0,0,0,0,0,0,0,0,0,0,0,0,0,0,660
              Plautdietsch,0,0,0,0,0,0,0,0,0,0,0,0,0,0,0,0,0,0,0,0,0,0,0,0,0,661
              Vlaams (Flemish),5,0,0,0,0,0,0,0,0,0,0,0,0,0,0,0,0,0,0,0,0,0,0,0,0,662
            Scandinavian languages,70,5,0,0,5,0,0,5,0,0,0,5,5,5,5,5,0,15,5,0,0,0,0,5,5,663
              Danish,20,0,0,0,5,0,0,0,0,0,0,0,5,0,0,0,0,5,0,0,0,0,0,0,0,664
              Icelandic,5,0,0,0,0,0,0,0,0,0,0,0,0,0,0,0,0,0,0,0,0,0,0,0,0,665
              Norwegian,10,0,0,0,0,0,0,0,0,0,0,0,0,0,0,0,0,0,0,0,0,0,0,0,0,666
              Swedish,40,0,0,0,0,0,0,0,0,0,0,0,0,5,0,5,0,0,0,0,0,0,0,5,5,667
"            Germanic languages, n.i.e.",5,0,0,0,0,0,0,0,0,0,0,0,0,0,0,0,0,0,0,0,0,0,0,0,0,668
          Greek,570,15,15,50,0,5,10,45,35,35,60,15,15,5,25,20,75,25,30,10,10,0,15,25,50,669
          Indo-Iranian languages,21700,645,455,1575,1505,105,1475,1635,1180,960,900,740,460,490,455,270,950,710,1065,1550,185,110,1220,980,2095,670
            Indo-Aryan languages,14950,410,275,1325,985,85,1175,1075,980,640,525,415,260,245,260,125,505,440,705,1030,155,80,875,700,1695,671
              Assamese,10,0,0,0,0,0,0,0,0,0,0,0,0,0,0,0,0,0,0,0,0,0,0,0,0,672
              Bengali,2425,105,35,140,100,0,180,145,45,90,105,195,100,130,90,55,65,80,125,200,5,0,100,80,255,673
              Gujarati,1585,10,25,125,60,0,205,255,245,125,25,15,5,5,10,5,70,85,35,35,5,5,40,65,115,674
              Hindi,2285,25,45,195,220,10,145,220,185,125,70,20,50,25,75,25,90,80,75,90,15,15,135,160,190,675
              Kacchi,50,0,0,0,5,0,0,0,5,0,10,0,0,0,0,0,0,0,0,0,0,0,5,5,5,676
              Kashmiri,5,0,0,0,0,0,0,0,0,0,0,0,0,0,0,0,0,0,0,0,0,0,0,0,0,677
              Konkani,25,5,0,5,0,0,0,0,0,5,0,0,0,0,0,0,0,0,0,0,0,0,0,0,5,678
              Marathi,195,0,0,40,0,0,15,20,15,0,10,0,10,5,0,0,10,15,0,0,0,0,5,30,25,679
              Nepali,710,10,0,40,0,0,20,25,20,25,80,10,10,25,0,0,25,30,175,40,0,0,75,5,80,680
              Oriya languages,35,0,0,0,0,0,5,5,0,0,0,0,0,0,0,0,0,0,0,0,0,0,0,10,5,681
                Odia,30,0,0,0,0,0,5,5,0,0,0,0,0,0,0,0,0,0,0,0,0,0,0,5,5,682
"                Oriya, n.o.s.",10,0,0,0,0,0,0,0,0,0,0,0,0,0,0,0,0,0,0,0,0,0,0,5,0,683
              Punjabi (Panjabi),3825,65,70,385,195,50,270,190,335,155,110,50,35,25,30,25,130,105,140,275,90,45,330,165,550,684
              Rohingya,0,0,0,0,0,0,0,0,0,0,0,0,0,0,0,0,0,0,0,0,0,0,0,0,0,685
              Sindhi,40,0,0,0,5,0,5,5,0,0,0,0,0,0,10,0,0,0,0,0,0,0,0,5,5,686
              Sinhala (Sinhalese),505,30,5,65,25,0,30,15,20,10,15,10,5,15,25,5,15,0,25,40,10,0,25,10,95,687
              Urdu,3205,155,85,320,355,15,290,175,105,95,95,100,35,25,25,5,95,50,125,340,25,15,150,170,365,688
"              Indo-Aryan languages, n.i.e.",40,0,0,0,5,0,5,0,0,0,0,0,0,0,0,0,0,0,0,10,0,0,0,0,0,689
            Iranian languages,6745,235,180,250,520,25,295,560,205,315,375,320,205,245,195,140,445,270,360,515,30,30,345,280,395,690
              Baluchi,0,0,0,0,0,0,0,0,0,0,0,0,0,0,0,0,0,0,0,0,0,0,0,0,0,691
              Kurdish,455,10,10,25,15,0,15,20,15,30,40,25,5,10,5,5,15,25,55,65,5,0,20,10,30,692
              Parsi,10,0,0,0,0,0,0,0,0,0,0,0,0,0,0,0,0,0,0,0,0,0,0,5,0,693
              Pashto,865,25,25,35,20,0,55,95,10,25,45,80,15,65,0,10,35,0,40,155,0,0,60,10,55,694
              Persian languages,5400,200,145,190,485,20,220,450,180,260,290,215,185,170,190,125,390,240,270,305,20,30,270,255,310,695
                Dari,1325,55,40,90,30,0,25,120,20,70,110,90,35,50,20,5,55,35,55,135,10,0,80,60,145,696
                Iranian Persian,3695,125,95,90,440,15,185,300,140,175,165,90,135,100,145,110,315,190,185,150,10,20,170,185,140,697
"                Persian (Farsi), n.o.s.",380,20,10,15,15,0,10,30,15,15,20,30,10,20,25,15,20,15,25,20,0,5,15,10,25,698
"              Iranian languages, n.i.e.",10,0,0,0,0,0,10,0,0,0,0,0,0,0,0,0,0,0,0,0,0,0,0,0,0,699
"            Indo-Iranian languages, n.i.e.",5,0,0,0,0,0,0,0,0,0,0,0,0,0,0,0,0,0,0,0,0,0,0,0,0,700
          Italic (Romance) languages,13360,330,430,655,605,90,595,685,830,825,720,560,705,630,660,395,915,490,685,440,160,85,440,680,755,701
            Catalan,15,0,0,0,0,0,0,0,0,0,0,0,0,0,0,5,0,0,0,0,0,0,0,0,0,702
            Italian,1990,10,15,35,15,5,25,105,325,340,120,20,30,30,95,115,270,130,85,5,30,30,40,20,95,703
            Portuguese,2890,75,85,210,130,5,215,145,115,90,100,140,200,185,145,65,95,70,185,115,20,5,80,190,225,704
            Romanian,1185,25,40,50,125,15,60,90,60,55,50,25,25,40,45,35,60,40,45,55,20,5,60,100,70,705
            Spanish,7265,220,300,360,325,60,295,340,330,340,445,370,445,385,375,175,490,245,365,260,95,45,270,375,370,706
"            Italic (Romance) languages, n.i.e.",10,0,0,0,0,0,0,0,0,0,0,0,0,0,0,0,0,0,0,0,0,0,0,0,0,707
"          Indo-European languages, n.i.e.",0,0,0,0,0,0,0,0,0,0,0,0,0,0,0,0,0,0,0,0,0,0,0,0,0,708
        Japanese,380,15,30,0,15,0,10,25,20,10,20,15,35,15,15,15,20,20,35,5,5,0,10,25,20,709
        Korean,1555,40,35,195,135,5,85,45,80,70,50,30,45,35,110,50,80,45,35,35,15,10,65,90,165,710
        Mongolian,30,0,0,5,0,0,0,0,0,0,0,5,0,0,10,0,0,0,0,0,0,0,0,0,0,711
        Niger-Congo languages,3040,65,90,65,40,0,45,130,60,90,210,310,475,345,70,45,245,65,390,130,5,0,45,40,75,712
          Akan (Twi),120,15,0,25,0,0,5,10,0,0,10,0,0,0,0,0,5,0,10,5,0,0,10,5,15,713
          Bamanankan,35,0,0,0,0,0,0,0,0,0,0,5,10,0,5,0,0,5,0,0,0,0,0,0,0,714
          Edo,20,0,0,0,0,0,0,0,0,0,0,0,0,0,0,0,0,0,5,0,0,0,0,0,0,715
          Éwé,25,0,0,0,0,0,0,0,0,0,5,0,5,5,0,0,0,0,0,0,0,0,0,0,0,716
"          Fulah (Pular, Pulaar, Fulfulde)",55,0,5,0,0,0,0,0,0,0,10,0,10,10,0,0,0,0,5,0,0,0,0,0,0,717
          Ga,10,0,0,0,0,0,0,0,0,0,0,0,0,0,0,0,0,0,0,0,0,0,0,0,0,718
          Ganda,30,0,0,0,0,0,0,10,0,0,0,0,5,0,0,0,0,0,5,0,0,0,0,0,0,719
          Gikuyu,5,0,0,0,0,0,0,0,0,0,0,0,0,0,0,0,0,0,0,0,0,0,0,0,0,720
          Igbo,45,0,0,0,0,0,0,0,0,0,0,0,0,0,0,0,0,0,10,10,0,0,0,0,0,721
          Kinyarwanda (Rwanda),410,0,15,5,0,0,0,5,25,10,25,40,60,40,15,0,25,10,65,35,0,0,5,0,25,722
          Lingala,150,5,5,0,0,0,5,0,0,0,10,20,35,20,0,0,5,0,25,5,0,0,5,0,0,723
          Luba-Kasai,25,0,5,0,0,0,0,0,0,0,0,0,0,0,0,0,10,0,5,0,0,0,0,0,0,724
          Mòoré,5,0,0,0,0,0,0,0,0,0,0,0,0,0,0,0,0,0,5,0,0,0,0,0,0,725
          Mwani,5,0,0,0,0,0,0,0,0,0,0,0,0,0,0,0,0,0,0,0,0,0,0,0,0,726
          Ndebele,5,0,0,0,0,0,0,0,0,0,0,0,0,0,0,0,0,0,0,0,0,0,0,0,0,727
          Rundi (Kirundi),1000,30,25,0,25,0,10,50,20,25,50,105,155,150,25,20,100,40,110,30,0,0,5,10,15,728
          Shona,25,0,0,0,0,0,0,0,0,0,0,0,0,0,0,0,0,0,0,0,0,0,0,10,0,729
          Soninke,10,0,0,0,0,0,0,0,0,0,5,0,0,0,0,0,0,0,0,0,0,0,0,0,0,730
          Sotho-Tswana languages,5,0,0,0,0,0,0,0,0,0,0,0,0,0,0,0,0,0,0,0,0,0,0,0,0,731
          Swahili,645,0,15,5,5,0,0,40,5,15,55,75,110,85,10,15,70,5,95,30,0,0,5,5,0,732
          Wojenaka,20,0,0,0,0,0,0,0,0,0,0,0,10,0,0,0,0,0,0,0,0,0,0,0,0,733
          Wolof,50,0,5,0,0,0,0,0,0,5,0,0,5,0,0,5,0,0,0,0,0,0,0,0,0,734
          Yoruba,225,5,10,15,0,0,10,0,5,15,20,20,45,20,0,0,5,0,35,10,0,0,10,0,10,735
"          Niger-Congo languages, n.i.e.",120,10,5,0,10,0,0,5,0,5,10,15,15,5,5,5,10,0,5,5,0,0,0,0,10,736
        Nilo-Saharan languages,130,5,5,0,0,0,0,10,15,5,5,5,15,10,5,5,20,0,5,10,0,0,0,0,5,737
          Dinka,30,0,0,0,0,0,0,0,10,0,0,0,0,5,0,0,10,0,0,0,0,0,0,0,0,738
          Nuer,25,0,0,0,0,0,0,0,0,0,0,0,0,0,0,0,10,0,0,0,0,0,0,0,0,739
"          Nilo-Saharan languages, n.i.e.",75,5,5,0,0,0,0,10,0,5,0,5,10,5,5,5,0,0,5,10,0,0,0,0,0,740
"          African, n.o.s.",0,0,0,0,0,0,0,0,0,0,0,0,0,0,0,0,0,0,0,0,0,0,0,0,0,741
        Sign languages,395,15,15,20,15,5,15,20,25,25,30,20,15,10,5,15,20,15,25,15,15,15,10,15,20,742
          American Sign Language,295,15,10,10,10,5,10,15,20,25,25,15,5,5,5,5,10,10,15,15,10,10,5,15,20,743
          Quebec Sign Language,20,5,0,0,0,0,0,0,0,0,5,5,5,0,0,0,0,0,0,0,0,0,0,0,0,744
"          Sign languages, n.i.e.",80,0,5,10,5,0,0,5,5,0,0,5,0,0,0,5,5,5,10,0,5,0,0,0,0,745
        Sino-Tibetan languages,22955,280,390,2610,3540,175,945,735,1250,795,905,470,580,390,1070,360,1160,970,490,575,190,115,1355,1200,2410,746
          Chinese languages,22375,280,360,2605,3540,175,945,665,1225,790,865,465,550,340,945,355,1090,965,470,570,190,115,1335,1190,2370,747
            Hakka,35,5,0,10,0,0,0,0,0,5,0,0,0,0,0,0,0,0,0,0,0,0,0,0,10,748
            Mandarin,16200,130,190,2140,3065,150,725,390,855,485,490,270,445,260,475,240,590,785,320,345,160,110,1100,860,1610,749
            Min Dong,25,0,0,0,0,0,0,0,0,5,0,0,0,0,10,0,0,0,0,0,0,0,0,0,0,750
"            Min Nan (Chaochow, Teochow, Fukien, Taiwanese)",235,0,10,15,35,0,25,10,25,5,5,0,0,15,10,15,25,0,0,10,0,0,5,0,10,751
            Wu (Shanghainese),185,10,0,15,25,0,10,10,25,10,5,15,5,0,10,0,15,5,0,0,0,0,5,5,30,752
            Yue (Cantonese),5515,130,150,400,400,20,185,235,310,275,350,165,80,65,415,100,455,160,150,200,25,10,215,315,700,753
"            Chinese, n.o.s.",175,0,10,20,10,0,0,15,10,5,5,10,15,0,25,0,5,10,5,5,0,0,0,5,15,754
"            Chinese languages, n.i.e.",10,0,0,0,0,0,0,0,0,0,0,0,0,0,0,0,0,0,0,0,0,0,0,0,5,755
          Tibeto-Burman languages,530,5,20,10,0,0,0,70,25,10,35,5,25,45,125,5,70,0,15,10,0,0,15,10,25,756
            Burmese,110,5,10,5,0,0,0,10,5,0,10,0,5,0,35,0,10,0,0,0,0,0,0,0,0,757
            Kuki-Chin languages,140,0,0,0,0,0,0,10,5,0,25,0,0,0,65,0,15,0,0,0,0,0,5,10,0,758
            Karenic languages,210,0,10,0,0,0,0,45,15,5,5,5,10,15,15,0,45,0,0,0,0,0,5,0,25,759
              S'gaw Karen,200,0,10,0,0,0,0,45,10,5,5,5,10,15,15,0,45,0,0,0,0,0,5,0,25,760
"              Karenic languages, n.i.e.",10,0,0,0,0,0,0,0,0,0,0,0,0,0,5,0,0,0,0,0,0,0,0,0,0,761
            Tibetan,25,0,0,0,0,0,0,0,0,0,0,0,5,10,0,0,0,0,5,10,0,0,0,0,0,762
"            Tibeto-Burman languages, n.i.e.",45,0,0,0,0,0,0,0,0,0,0,0,0,15,5,0,0,0,0,0,0,0,5,0,0,763
"          Sino-Tibetan languages, n.i.e.",50,0,0,0,0,0,0,0,0,0,0,0,0,0,5,0,0,0,0,0,0,0,0,0,15,764
        Tai-Kadai languages,295,0,5,15,20,0,25,20,15,10,5,5,10,5,15,5,25,0,10,5,0,5,5,55,35,765
          Lao,170,0,0,5,10,0,20,10,10,5,0,5,0,5,5,0,10,0,0,0,0,0,5,50,20,766
          Thai,120,0,5,5,0,0,5,15,5,5,0,0,10,0,10,5,15,0,5,5,0,0,0,0,10,767
"          Tai-Kadai languages, n.i.e.",10,0,0,0,10,0,0,0,0,0,0,0,0,0,0,0,0,0,0,0,0,0,0,0,0,768
        Turkic languages,1890,25,45,60,420,10,205,170,60,60,45,60,65,40,80,30,40,50,55,90,0,0,25,180,85,769
          Azerbaijani,60,0,0,0,15,0,0,0,0,0,0,0,0,0,0,0,0,10,0,0,0,0,0,0,10,770
          Kazakh,15,0,0,0,0,0,0,0,0,0,0,0,0,0,5,0,0,0,0,0,0,0,0,0,0,771
          Turkish,1715,15,35,55,400,5,195,160,50,55,45,60,65,35,65,25,35,35,40,60,0,0,20,180,80,772
          Uyghur,40,0,0,0,0,0,0,0,0,0,5,0,0,0,0,0,0,0,0,15,0,0,0,0,0,773
          Uzbek,30,0,0,0,0,0,5,0,0,0,0,0,0,0,5,0,0,0,0,0,0,0,0,0,0,774
"          Turkic languages, n.i.e.",35,0,0,0,0,0,0,0,15,0,0,0,0,0,0,0,0,0,0,0,0,0,0,0,0,775
        Uralic languages,380,10,15,10,25,10,5,35,25,25,10,15,10,10,10,10,30,15,15,5,10,5,10,20,30,776
          Estonian,15,0,0,0,0,0,0,0,0,0,0,0,0,0,5,0,0,0,0,0,0,0,0,0,0,777
          Finnish,25,0,0,0,5,5,0,0,0,0,0,0,0,0,0,0,0,0,0,0,0,0,0,0,0,778
          Hungarian,340,10,15,10,20,10,5,35,25,20,10,10,10,10,5,10,35,10,10,5,10,0,10,20,30,779
"        Other languages, n.i.e.",10,0,0,0,0,0,0,0,0,0,0,0,0,0,0,0,0,5,0,0,0,0,0,0,0,780
  Multiple responses,64785,3180,2830,3645,3085,480,2500,3125,2465,2505,4610,2685,3175,2990,2080,1295,3050,1755,3505,4800,915,375,3000,2480,4240,781
    English and French,19175,1760,1435,580,425,215,445,610,540,395,880,995,1495,1180,750,515,685,595,1010,2130,460,200,615,565,690,782
    English and non-official language(s),37595,975,940,2715,2430,245,1850,2185,1705,1880,3165,1225,1055,1190,1105,610,2000,930,1960,1820,400,145,2115,1705,3240,783
    French and non-official language(s),3510,225,280,105,75,10,60,135,75,95,215,225,395,340,75,60,160,95,230,415,20,5,70,50,110,784
"    English, French and non-official language(s)",3785,200,165,205,125,10,120,150,125,105,320,215,210,240,95,80,175,100,255,400,25,20,160,110,155,785
    Multiple non-official languages,720,20,15,40,35,0,25,45,15,35,35,30,20,35,55,25,30,25,45,35,5,0,35,55,50,786
Total - Other language(s) spoken regularly at home for the total population excluding institutional residents - 100% data,1006965,49355,45855,50020,41895,24675,45365,49020,50895,40205,48590,34130,44645,38040,40330,37300,45955,37475,44285,49110,29910,27155,33110,49380,50265,787
  None,786965,39005,36255,38405,30805,22445,36845,38380,41590,31735,35085,25325,33990,28775,31895,31210,34650,30150,33820,34985,26145,25070,23725,40115,36555,788
  English,67365,3545,3130,3995,4095,470,2700,3290,2675,2625,4245,2740,2920,2835,1985,1330,3365,1950,3010,4555,985,380,2920,2890,4720,789
  French,48960,3500,3145,1815,1375,810,1805,1915,1850,1430,2125,2045,3005,2405,2175,2065,1995,1895,2420,3765,1365,815,1605,1750,1885,790
  Non-official language,70125,2035,2005,4160,3960,725,2870,3675,3310,3040,4930,2455,2975,2490,2885,1910,4085,2320,3280,3585,1020,665,3390,3315,5035,791
    Indigenous,425,10,15,10,5,0,5,25,35,20,15,30,80,30,40,10,25,15,20,5,10,5,0,10,10,792
    Non-Indigenous,69695,2025,1990,4150,3955,725,2870,3650,3280,3015,4910,2430,2895,2460,2845,1900,4060,2300,3260,3585,1015,660,3385,3305,5025,793
  English and French,5075,225,250,195,265,15,120,210,150,205,460,345,260,285,120,60,280,120,315,420,35,15,225,195,290,794
  English and non-official language(s),9150,365,385,430,505,35,415,620,465,370,475,420,435,415,310,120,450,310,465,655,85,50,340,400,615,795
  French and non-official language(s),11250,430,450,620,480,110,295,415,405,410,835,500,615,505,540,370,630,390,600,755,185,105,565,370,675,796
"  English, French and non-official language(s)",580,15,20,20,15,0,25,20,15,35,40,30,45,45,15,10,50,15,45,30,10,0,30,20,25,797
  Multiple non-official languages,7490,225,210,385,400,55,290,500,435,345,405,260,400,280,400,215,440,325,320,350,90,60,305,315,465,798
Total - Eligibility for instruction in the minority official language for the population in private households born in 2003 or later,206290,10230,9135,13405,10190,5220,11830,8715,8450,7865,10690,7045,5365,6955,3240,6350,8735,5410,8940,12820,6480,6015,9310,11430,12460,799
  Children eligible for instruction in the minority official language,72675,5575,4950,3415,2365,1195,2835,2335,2290,2130,3860,3245,2920,3650,1115,1825,3110,1655,3515,7660,2290,1410,3095,2965,3260,800
  Children not eligible for instruction in the minority official language,133615,4655,4185,9985,7820,4025,8995,6380,6160,5735,6835,3805,2440,3305,2130,4525,5625,3755,5425,5155,4190,4600,6215,8465,9205,801
"Total - Eligibility and instruction in the minority official language, for the population in private households born between 2003 and 2015 (inclusive) - 100% data",153800,7890,6855,10115,8365,4020,8695,6320,6175,5745,7870,5270,3640,5105,2065,4605,6235,4090,6375,9615,4905,4620,6755,8535,9945,802
  Children eligible for instruction in the minority official language,55250,4305,3820,2690,1970,900,2145,1790,1695,1565,2960,2425,2120,2775,730,1260,2295,1260,2630,5895,1720,1090,2295,2270,2640,803
    Eligible children who have been instructed in the minority official language at the primary or secondary level in Canada,41165,3605,3135,1845,1430,525,1440,1220,1150,1055,2225,1860,1755,2190,530,785,1685,830,2095,5065,1120,600,1725,1535,1795,804
    Eligible children who have not been instructed in the minority official language at the primary or secondary level in Canada,14080,705,690,850,545,380,705,570,545,515,740,560,365,585,205,475,610,435,540,835,595,495,575,735,840,805
  Children not eligible for instruction in the minority official language,98545,3580,3030,7425,6395,3120,6550,4530,4475,4175,4910,2845,1525,2325,1335,3345,3945,2830,3745,3715,3190,3530,4455,6265,7310,806
